Date of Inventory Valuation,Time of Inventory Valuation,Date Inventory Received,Time Inventory Received,Invoice ID,Invoice Line #,Ext Batch ID,Treez Batch,Receiving License,Product Type,Subtype,Brand,Product Name,Classification,Tier,Available,Reserved,Packed & Ready,Total Flower Weight (g),Unit Cost,Amount,Unit of Measure,Total Cost,Unit Price,Potential Gross Sales,Location,Date Last Received,Time Last Received,Packaged Date,External Invoice ID,Manifest #,Attributes,Product Barcodes,Inventory Barcodes,Distributor,Distributor License,Harvest Date,Manufacture Date,Expiration Date,Lab Testing State,Total Mg THC,Total Mg CBD,Size,Extraction Method,External ID,Inventory Type,Thc Lab Result
7/24/24 6:11,7/24/24 6:11,7/12/2024,9:16:12,ef3948e0-0df5-4b19-b839-a0c83ba91645,9084a243-8b68-4f5f-b3d2-12a469916a9b,24-0327-20,VRWJV,,BEVERAGE,ELIXIR,SIP,CITRUS SPARK ELIXIR (H-100MG),HYBRID,,44,0,0,0.1,4.5,0.1,GRAMS,198,10,440,F.O.H. - RECREATIONAL PRODUCTS,7/17/2024,17:17:39,,11441 (Sip),,,,"02487878,upu",MEDICAL PAIN RELIEF INC(HOT ROD/SUBLIME),00000010ESIR42914838,,,,,100,,100MG,,,ADULT,
7/24/24 6:11,7/24/24 6:11,7/12/2024,9:16:12,ef3948e0-0df5-4b19-b839-a0c83ba91645,1b951e3e-ac58-4592-8636-f2e7d46a8c1a,24-0318-20,20P1Q,,BEVERAGE,ELIXIR,SIP,DREAMBERRY 2:1 ELIXIR (I-100MG),INDICA,,52,0,0,0.1,4.5,0.1,GRAMS,234,10,520,F.O.H. - RECREATIONAL PRODUCTS,7/17/2024,17:17:39,,11441 (Sip),,,,"03732625,sUC",MEDICAL PAIN RELIEF INC(HOT ROD/SUBLIME),00000010ESIR42914838,,,,,50,,100MG,,,ADULT,
7/24/24 6:11,7/24/24 6:11,6/11/2024,8:51:06,21a0d62b-6e23-4d24-bea1-78557648367b,84bf5ad1-b578-45a1-aae7-0f689f4d341f,050924ICCL,MN5AM-2,,EDIBLE,BAKED GOOD,AUNT ELLIE'S,DOUBLE CHOCOLATE CHIP COOKIE BAKED GOOD (I-100MG),INDICA,,18,0,0,0.1,4.2,0.1,GRAMS,75.6,12,216,F.O.H. - RECREATIONAL PRODUCTS,6/13/2024,10:48:47,,64014 (Halo Infusions),,,,"050924ICCL-4,k2k",GRUNGE FREE LLC (HALO INFUSIONS),0000160ESTDY36165846,,,8/12/2024,,100,,100MG,,,ADULT,
7/24/24 6:11,7/24/24 6:11,6/11/2024,8:51:06,21a0d62b-6e23-4d24-bea1-78557648367b,8bc543a0-9eda-40cc-b6a9-32b6be99eb65,040524IGCL,0NBQK-2,,EDIBLE,BAKED GOOD,AUNT ELLIE'S,GINGER COOKIE BAKED GOOD (I-100MG),INDICA,,18,0,0,0.1,4.2,0.1,GRAMS,75.6,12,216,F.O.H. - RECREATIONAL PRODUCTS,6/13/2024,10:48:47,,64014 (Halo Infusions),,,,"040524IGCL-4,v57",GRUNGE FREE LLC (HALO INFUSIONS),0000160ESTDY36165846,,,8/12/2024,,100,,100MG,,,ADULT,
7/24/24 6:11,7/24/24 6:11,7/1/2024,15:46:22,2355b61c-4649-473c-95c7-e836bb4cbd52,7ba661b7-ce05-4c9f-b610-31a2c9257100,050824IGFB,1CS2Q-1,,EDIBLE,BAKED GOOD,AUNT ELLIE'S,GLUTEN FREE BROWNIE BAKED GOOD (I-100MG),INDICA,,5,0,0,0.1,5.25,0.1,GRAMS,26.25,12,60,F.O.H. - RECREATIONAL PRODUCTS,7/3/2024,11:09:26,,64076(Halo Infusions),,,,"050824IGFB-2,OIb,https://haloinfusions.com/testing/search050824IGFB",GRUNGE FREE LLC (HALO INFUSIONS),0000160ESTDY36165846,,,9/2/2024,,100,,100MG,,,ADULT,
7/24/24 6:11,7/24/24 6:11,6/11/2024,8:51:06,21a0d62b-6e23-4d24-bea1-78557648367b,f3378a33-c634-45a2-99ea-b929beeee438,050824IPNL,IGZAY-1,,EDIBLE,BAKED GOOD,AUNT ELLIE'S,HOMESTYLE PEANUT BUTTER COOKIE BAKED GOOD (I-100MG),INDICA,,10,0,0,0.1,4.2,0.1,GRAMS,42,12,120,F.O.H. - RECREATIONAL PRODUCTS,6/13/2024,10:48:47,,64014 (Halo Infusions),,,,"050824IPNL-3,qy6",GRUNGE FREE LLC (HALO INFUSIONS),0000160ESTDY36165846,,,8/12/2024,,100,,100MG,,,ADULT,
7/24/24 6:11,7/24/24 6:11,4/16/2024,19:44:26,f7907a0a-fc20-4cef-bbf4-bba2de12ee4c,29b0c9ea-30c7-4f23-bcbf-02ae490d6d6a,LHR100AP-2,TWYIR-001,,EDIBLE,GUMMY,BAKED BROS,ARIZONA PUNCH ROSIN GUMMIES (H-100MG),HYBRID,,8,0,0,0.1,11,0.1,GRAMS,88,22,176,F.O.H. - RECREATIONAL PRODUCTS,4/17/2024,10:53:29,,4950(Baked Bros),,,,ggf,"KANNABOOST TECHNOLOGY INC (UNIVERSITY DC, TIMELESS, NOIR, TUMBLE, CANARY)",00000118DCKD00426097,,,,,100,,100MG,,,ADULT,
7/24/24 6:11,7/24/24 6:11,5/15/2024,19:50:17,a8b56268-7378-4a5c-bbcd-9e2e720a3302,8b4dc87f-9aec-47ec-b8fb-563d328c3262,LHR100AP-2,NKUFH,,EDIBLE,GUMMY,BAKED BROS,ARIZONA PUNCH ROSIN GUMMIES (H-100MG),HYBRID,,23,0,0,0.1,11,0.1,GRAMS,253,22,506,F.O.H. - RECREATIONAL PRODUCTS,5/16/2024,17:17:57,,5449 (Baked Bros),,,,GQQ,"KANNABOOST TECHNOLOGY INC (UNIVERSITY DC, TIMELESS, NOIR, TUMBLE, CANARY)",00000118DCKD00426097,,,,,100,,100MG,,,ADULT,
7/24/24 6:11,7/24/24 6:11,7/11/2024,8:44:05,a3346223-e5d4-4a68-9e24-654e5c469ce7,ad21d235-3aba-4037-a62d-4708d8e18006,HY100G-11,I8Q7L-2,,EDIBLE,GUMMY,BAKED BROS,HAPPY POMEGRANATE 1:1:1 THC:CBD:CBC NECTAR GUMMIES (S-100MG),SATIVA,,34,0,0,0.1,7,0.1,GRAMS,238,20,680,F.O.H. - RECREATIONAL PRODUCTS,7/11/2024,10:00:17,,6464 (Baked bros),,,,"9rR,HY100G-11","KANNABOOST TECHNOLOGY INC (UNIVERSITY DC, TIMELESS, NOIR, TUMBLE, CANARY)",00000118DCKD00426097,,,5/3/2025,,100,100,,,,ADULT,
7/24/24 6:11,7/24/24 6:11,7/1/2024,15:46:29,3d377fe8-46df-4b33-8a2b-621f8f6f0330,576f19c4-f0a7-47dc-8c32-5e5e3ea310bf,UW100G-1,9UEHK-2,,EDIBLE,GUMMY,BAKED BROS,HUCKLEBERRY PUNCH 2:2:1:1 THC CBG CBC CBDV UNWIND GUMMIES (H-100MG),HYBRID,,17,0,0,0.1,7,0.1,GRAMS,119,20,340,F.O.H. - RECREATIONAL PRODUCTS,7/2/2024,10:06:40,,6237(Baked Bros),,,,"UW100G-1,q5j","KANNABOOST TECHNOLOGY INC (UNIVERSITY DC, TIMELESS, NOIR, TUMBLE, CANARY)",00000118DCKD00426097,,,,,100,,100MG,,,ADULT,
7/24/24 6:11,7/24/24 6:11,7/11/2024,8:44:05,a3346223-e5d4-4a68-9e24-654e5c469ce7,1baf674b-b5a0-4d7c-b146-bf7a4437c72c,SL100G-16,94SO6-2,,EDIBLE,GUMMY,BAKED BROS,SLEEPY BLACKBERRY ACAI 2:1 CBD:THC GUMMIES (I-100MG),INDICA,,45,0,0,0.1,7,0.1,GRAMS,315,20,900,F.O.H. - RECREATIONAL PRODUCTS,7/11/2024,10:00:17,,6464 (Baked bros),,,,"SL100G-16,obf","KANNABOOST TECHNOLOGY INC (UNIVERSITY DC, TIMELESS, NOIR, TUMBLE, CANARY)",00000118DCKD00426097,,,,,100,200,100MG,,,ADULT,
7/24/24 6:11,7/24/24 6:11,7/11/2024,8:44:05,a3346223-e5d4-4a68-9e24-654e5c469ce7,9b03c9e3-6857-428d-a2e5-c72bd5119dd2,ST100G-12,QWWNV-2,,EDIBLE,GUMMY,BAKED BROS,STONEY PRICKLY PEAR LEMONADE 1:1 THC:CBG GUMMIES (H-100MG),HYBRID,,35,0,0,0.1,7,0.1,GRAMS,245,20,700,F.O.H. - RECREATIONAL PRODUCTS,7/11/2024,10:00:17,,6464 (Baked bros),,,,"ST100G-12,YRA","KANNABOOST TECHNOLOGY INC (UNIVERSITY DC, TIMELESS, NOIR, TUMBLE, CANARY)",00000118DCKD00426097,,,5/13/2025,,100,100,,,,ADULT,
7/24/24 6:11,7/24/24 6:11,6/3/2024,19:54:08,d3db9842-bae0-4e37-b7fb-9be5c13934c5,56692cd7-63ac-406c-bedb-b9b7fc38f659,ST100G-6,BOE6Z-1-2,,EDIBLE,GUMMY,BAKED BROS,STONEY PRICKLY PEAR LEMONADE 1:1 THC:CBG GUMMIES (H-100MG),HYBRID,,4,0,0,0.1,7,0.1,GRAMS,28,20,80,F.O.H. - RECREATIONAL PRODUCTS,6/4/2024,9:53:25,,5740(Baked Bros),,,,"OGn,ST100G-6","KANNABOOST TECHNOLOGY INC (UNIVERSITY DC, TIMELESS, NOIR, TUMBLE, CANARY)",00000118DCKD00426097,,,2/26/2025,,100,100,,,,ADULT,
7/24/24 6:11,7/24/24 6:11,4/4/2024,12:37:37,f0003809-d009-42ee-8c94-95f6cb308c28,f8d990ca-2f71-4759-8182-c9a0130eba39,LHR100VB-42,YYB0F-002-1,,EDIBLE,GUMMY,BAKED BROS,VERY BERRY ROSIN GUMMIES (I-100MG),INDICA,,34,0,0,0.1,11,0.1,GRAMS,374,22,748,F.O.H. - RECREATIONAL PRODUCTS,4/4/2024,12:47:15,,4677,,,,dXS,"KANNABOOST TECHNOLOGY INC (UNIVERSITY DC, TIMELESS, NOIR, TUMBLE, CANARY)",00000118DCKD00426097,,,1/5/2025,,100,,100MG,,,ADULT,
7/24/24 6:11,7/24/24 6:11,4/4/2024,12:37:37,f0003809-d009-42ee-8c94-95f6cb308c28,74ef3b49-e23d-4410-b37c-e3c954ac0dad,LHR100WS-4,A04T4,,EDIBLE,GUMMY,BAKED BROS,WILD STRAWBERRY ROSIN GUMMIES (S-100MG),SATIVA,,27,0,0,0.1,11,0.1,GRAMS,297,22,594,F.O.H. - RECREATIONAL PRODUCTS,4/4/2024,12:47:15,,4677,,,,G6I,"KANNABOOST TECHNOLOGY INC (UNIVERSITY DC, TIMELESS, NOIR, TUMBLE, CANARY)",00000118DCKD00426097,,,,,100,,100MG,,,ADULT,
7/24/24 6:11,7/24/24 6:11,6/3/2024,19:54:08,d3db9842-bae0-4e37-b7fb-9be5c13934c5,835f9384-04a1-47c8-9bdf-398eea93c312,BR100BR-2,HH27P,,EDIBLE,GUMMY,BRIX,BLACKBERRY RASPBERRY GUMMIES (H-100MG),HYBRID,,38,0,0,0.1,5,0.1,GRAMS,190,10,380,F.O.H. - RECREATIONAL PRODUCTS,6/4/2024,9:53:25,,5740(Baked Bros),,,782301594142,BIa,"KANNABOOST TECHNOLOGY INC (UNIVERSITY DC, TIMELESS, NOIR, TUMBLE, CANARY)",00000118DCKD00426097,,,2/27/2025,,100,,100mg,,,ADULT,
7/24/24 6:11,7/24/24 6:11,6/3/2024,19:54:08,d3db9842-bae0-4e37-b7fb-9be5c13934c5,4e7f112f-77d0-4258-bfb2-ec79e3388310,BR100BP-3,KNP9F-1-2-1,,EDIBLE,GUMMY,BRIX,BLUEBERRY POMEGRANATE GUMMIES (H-100MG),HYBRID,,27,0,0,0.1,5,0.1,GRAMS,135,10,270,F.O.H. - RECREATIONAL PRODUCTS,6/4/2024,9:53:25,,5740(Baked Bros),,,782301593954,"BR100BP-3,hYE","KANNABOOST TECHNOLOGY INC (UNIVERSITY DC, TIMELESS, NOIR, TUMBLE, CANARY)",00000118DCKD00426097,,,3/1/2025,,100,,100MG,,,ADULT,
7/24/24 6:11,7/24/24 6:11,6/3/2024,19:54:08,d3db9842-bae0-4e37-b7fb-9be5c13934c5,74121a80-9520-42a1-8b44-64110bbec11b,BR100GB-4,9QVQB-1,,EDIBLE,GUMMY,BRIX,GOLDEN BERRY GUMMIES (H-100MG),HYBRID,,66,0,0,0.1,5,0.1,GRAMS,330,10,660,F.O.H. - RECREATIONAL PRODUCTS,6/4/2024,9:53:25,,5740(Baked Bros),,,782301593978,"2nt,BR100GB-4","KANNABOOST TECHNOLOGY INC (UNIVERSITY DC, TIMELESS, NOIR, TUMBLE, CANARY)",00000118DCKD00426097,,,3/1/2025,,100,,100MG,,,ADULT,
7/24/24 6:11,7/24/24 6:11,7/11/2024,8:44:05,a3346223-e5d4-4a68-9e24-654e5c469ce7,f6a0a708-188c-4fb1-a026-4da6dee7b3c6,BR100SW-4,6PKBG,,EDIBLE,GUMMY,BRIX,STRAWBERRY WATERMELON GUMMIES (H-100MG),HYBRID,,32,0,0,0.1,5,0.1,GRAMS,160,10,320,F.O.H. - RECREATIONAL PRODUCTS,7/11/2024,10:00:17,,6464 (Baked bros),,,782301593916,"BR100SW-4,Vi1","KANNABOOST TECHNOLOGY INC (UNIVERSITY DC, TIMELESS, NOIR, TUMBLE, CANARY)",00000118DCKD00426097,,,5/7/2025,,100,,100MG,,,ADULT,
7/24/24 6:11,7/24/24 6:11,6/11/2024,8:51:06,21a0d62b-6e23-4d24-bea1-78557648367b,8674082a-4e12-4924-bc67-445e8af83314,032824IADC,GS0K6-1,,EDIBLE,CHOCOLATE,CANNA CONFECTIONS,DARK CHOCOLATE BAR (I-100MG),INDICA,,1,0,0,0.1,4.9,0.1,GRAMS,4.9,14,14,F.O.H. - RECREATIONAL PRODUCTS,6/13/2024,10:48:47,,64014 (Halo Infusions),,,,"031824IADC,03G824IADC,nCN",GRUNGE FREE LLC (HALO INFUSIONS),0000160ESTDY36165846,,,9/28/2024,,100,,100MG,,,ADULT,
7/24/24 6:11,7/24/24 6:11,7/1/2024,15:46:22,2355b61c-4649-473c-95c7-e836bb4cbd52,739667cb-1126-417f-b68e-8019619e1145,032824IADC,DECA9,,EDIBLE,CHOCOLATE,CANNA CONFECTIONS,DARK CHOCOLATE BAR (I-100MG),INDICA,,10,0,0,0.1,4.9,0.1,GRAMS,49,14,140,F.O.H. - RECREATIONAL PRODUCTS,7/3/2024,11:09:26,,64076(Halo Infusions),,,,"031824IADC,mdO",GRUNGE FREE LLC (HALO INFUSIONS),0000160ESTDY36165846,,,9/28/2024,,100,,100MG,,,ADULT,
7/24/24 6:11,7/24/24 6:11,7/1/2024,15:46:22,2355b61c-4649-473c-95c7-e836bb4cbd52,25e06a8a-28bb-48cd-8a87-c579a708f1f3,032924IAMC,5XLEO-2,,EDIBLE,CHOCOLATE,CANNA CONFECTIONS,MILK CHOCOLATE BAR (I-100MG),INDICA,,16,0,0,0.1,4.9,0.1,GRAMS,78.4,14,224,F.O.H. - RECREATIONAL PRODUCTS,7/3/2024,11:09:26,,64076(Halo Infusions),,,,"031924IAMC,nkb",GRUNGE FREE LLC (HALO INFUSIONS),0000160ESTDY36165846,,,9/29/2024,,100,,100MG,,,ADULT,
7/24/24 6:11,7/24/24 6:11,1/17/2024,12:57:43,b7bfce77-24b5-470f-9802-b66be8a9030e,fe65549f-ea19-4838-9195-1e450ff28c41,CL10-003-0803LR,UN4SL,,EDIBLE,GUMMY,CATRI,COCONUT LIME LIVE RESIN GUMMIES (S-100MG),SATIVA,,6,0,0,0.1,6.75,0.1,GRAMS,40.5,16,96,F.O.H. - RECREATIONAL PRODUCTS,1/18/2024,10:33:59,,773,,,,WCf,RR BROS - PONDEROSA BOTANICAL CARE INC. (MEDICAL OFFSITE INFUSION KITCHEN/CAKE),00000066DCBO00410690,,,10/1/2024,,100,,100MG,,,ADULT,
7/24/24 6:11,7/24/24 6:11,1/17/2024,12:57:43,b7bfce77-24b5-470f-9802-b66be8a9030e,9e243882-7056-4c9b-883c-3a380e79807f,GF10-013-1201S,LAAFN,,EDIBLE,GUMMY,CATRI,GUAYABA FRESA GUMMIES (S-100MG),SATIVA,,2,0,0,0.1,5.25,0.1,GRAMS,10.5,14,28,F.O.H. - RECREATIONAL PRODUCTS,1/18/2024,10:33:59,,773,,,,5db,RR BROS - PONDEROSA BOTANICAL CARE INC. (MEDICAL OFFSITE INFUSION KITCHEN/CAKE),00000066DCBO00410690,,,12/1/2024,,100,,100MG,,,ADULT,
7/24/24 6:11,7/24/24 6:11,1/17/2024,12:57:43,b7bfce77-24b5-470f-9802-b66be8a9030e,240dfdda-e3fe-4931-8a9a-01f3929290da,M10-013-1201S,3WCZY,,EDIBLE,GUMMY,CATRI,MANZANITA GUMMIES (S-100MG),SATIVA,,5,0,0,0.1,5.25,0.1,GRAMS,26.25,14,70,F.O.H. - RECREATIONAL PRODUCTS,1/18/2024,10:33:59,,773,,,,E1o,RR BROS - PONDEROSA BOTANICAL CARE INC. (MEDICAL OFFSITE INFUSION KITCHEN/CAKE),00000066DCBO00410690,,,12/1/2024,,100,,100MG,,,ADULT,
7/24/24 6:11,7/24/24 6:11,7/11/2024,10:05:39,fc3a4445-25fc-4992-bf15-182b9e5e4bbf,8a003943-e7a2-497e-91a0-a8c81e578a10,24-0605-02,YMZSN-RTN-1,,EDIBLE,GUMMY,COPPERSTATE FARMS,2:1:1 PINEAPPLE MANGO LIVE ROSIN GUMMIES (H-100MG),HYBRID,,1,0,0,0.1,6.26,0.1,GRAMS,6.26,22,22,F.O.H. - RECREATIONAL PRODUCTS,7/12/2024,6:52:54,,6443 (Copperstate),,,,"127730,xuK","KANNABOOST TECHNOLOGY INC (UNIVERSITY DC, TIMELESS, NOIR, TUMBLE, CANARY)",00000118DCKD00426097,,,,,100,,100MG,,CSF-RATIO-GUM-PIMN-211,ADULT,
7/24/24 6:11,7/24/24 6:11,7/11/2024,10:05:39,fc3a4445-25fc-4992-bf15-182b9e5e4bbf,8a003943-e7a2-497e-91a0-a8c81e578a10,24-0605-02,YMZSN,,EDIBLE,GUMMY,COPPERSTATE FARMS,2:1:1 PINEAPPLE MANGO LIVE ROSIN GUMMIES (H-100MG),HYBRID,,14,0,0,0.1,6.26,0.1,GRAMS,87.64,22,308,F.O.H. - RECREATIONAL PRODUCTS,7/12/2024,6:52:54,,6443 (Copperstate),,,,"127730,xuK","KANNABOOST TECHNOLOGY INC (UNIVERSITY DC, TIMELESS, NOIR, TUMBLE, CANARY)",00000118DCKD00426097,,,,,100,,100MG,,CSF-RATIO-GUM-PIMN-211,ADULT,
7/24/24 6:11,7/24/24 6:11,5/15/2024,20:09:56,6ba6a4cd-e76e-4fe8-aecd-4c5a08fbeb39,20d84f28-dea0-497b-95f4-7332a5986c48,24-0422-01,3QE8O-1-1-1,,EDIBLE,GUMMY,COPPERSTATE FARMS,3:1:1 ACAI BERRY LIVE ROSIN GUMMIES (H-100MG),HYBRID,,29,0,0,0.1,5.86,0.1,GRAMS,169.94,22,638,F.O.H. - RECREATIONAL PRODUCTS,5/16/2024,17:23:01,,5431(Copperstate),,,,"124672,7F2","KANNABOOST TECHNOLOGY INC (UNIVERSITY DC, TIMELESS, NOIR, TUMBLE, CANARY)",00000118DCKD00426097,,,4/19/2025,,100,,100MG,,CSF-RATIO-GUM-ACBE-311,ADULT,
7/24/24 6:11,7/24/24 6:11,6/3/2024,19:22:37,f1870523-6911-43c8-b799-57f1557de2ed,dcb4763b-faa3-4fb0-b2c7-763424e5afdd,24-0423-01,4E3YD-1-2,,EDIBLE,GUMMY,COPPERSTATE FARMS,4:1:1 DARK CHERRY LIVE ROSIN GUMMIES (I-50MG),INDICA,,72,0,0,0.05,6.45,0.05,GRAMS,464.4,22,1584,F.O.H. - RECREATIONAL PRODUCTS,6/4/2024,11:31:27,,5734(Copperstate),,,,"126074,CVL","KANNABOOST TECHNOLOGY INC (UNIVERSITY DC, TIMELESS, NOIR, TUMBLE, CANARY)",00000118DCKD00426097,,,4/23/2025,,50,50,50MG,,CSF-RATIO-GUM-CBN,ADULT,
7/24/24 6:11,7/24/24 6:11,5/6/2024,16:21:23,4764b49e-de9d-40ae-b58d-c0273b67cd40,2559e9d6-8e5c-4322-ad84-7ac5c1082ba7,24-0327-02,QBNSC-002-1-1,,EDIBLE,GUMMY,COPPERSTATE FARMS,BLUE RASPBERRY LIVE ROSIN GUMMIES (I-100MG),INDICA,,56,0,0,0.1,6.68,0.1,GRAMS,374.08,22,1232,F.O.H. - RECREATIONAL PRODUCTS,5/7/2024,12:22:24,,5268(Copperstate) ,,,,"124313,bfg","KANNABOOST TECHNOLOGY INC (UNIVERSITY DC, TIMELESS, NOIR, TUMBLE, CANARY)",00000118DCKD00426097,,,3/26/2025,,100,,100mg,,CSF-LROS-GUM-BR-100MG,ADULT,
7/24/24 6:11,7/24/24 6:11,5/22/2024,18:27:51,7e982cbd-1dca-4525-987c-b971074985c5,ec89f9b1-1e8c-4477-b9d7-31b881a301b6,24-0426-01,B0D7U-2-1-2,,EDIBLE,GUMMY,COPPERSTATE FARMS,PINK LEMONADE LIVE ROSIN GUMMIES (S-100MG),SATIVA,,122,0,0,0.1,7.21,0.1,GRAMS,879.62,22,2684,F.O.H. - RECREATIONAL PRODUCTS,5/23/2024,12:28:46,,5587(Copperstate),,,,"124673,4DL","KANNABOOST TECHNOLOGY INC (UNIVERSITY DC, TIMELESS, NOIR, TUMBLE, CANARY)",00000118DCKD00426097,,,4/25/2025,,100,,100MG,,CSF-LROS-GUM-PL-100MG,ADULT,
7/24/24 6:11,7/24/24 6:11,5/29/2024,14:35:47,a62dede7-11e6-46f4-85fe-83cdbdf14d27,c0f0ced6-4bdb-45f7-ac32-d59d8e073857,24-0502-07,QYG6C-2-1-1-2,,EDIBLE,GUMMY,COPPERSTATE FARMS,WATERMELON LIVE ROSIN GUMMIES (S-100MG),SATIVA,,104,0,0,0.1,7.21,0.1,GRAMS,749.84,22,2288,F.O.H. - RECREATIONAL PRODUCTS,5/30/2024,17:00:12,,5654(Copperstate),,,,"125498,bM4","KANNABOOST TECHNOLOGY INC (UNIVERSITY DC, TIMELESS, NOIR, TUMBLE, CANARY)",00000118DCKD00426097,,,5/2/2025,,100,,100MG,,CSF-LROS-GUM-WM-100MG,ADULT,
7/24/24 6:11,7/24/24 6:11,6/6/2024,19:19:04,22fa0387-10b6-4aa9-83df-71a45b3af961,b0c12171-4b2b-4780-b1fe-97f2c832c407,EDPB003.1123.05.HUN-MINI PEANUT,IYK35-1,,EDIBLE,CHOCOLATE,DRIP OILS & EXTRACTS,MINI PEANUT BUTTER CUPS CHOCOLATE (H-100MG),HYBRID,,14,0,0,0.1,10,0.1,GRAMS,140,20,280,F.O.H. - RECREATIONAL PRODUCTS,6/7/2024,10:02:59,,5845(TruMed),,,,"655457640950,f6g,~6215510745789122","KANNABOOST TECHNOLOGY INC (UNIVERSITY DC, TIMELESS, NOIR, TUMBLE, CANARY)",00000118DCKD00426097,,,11/16/2024,,100,,100MG,,,ADULT,
7/24/24 6:11,7/24/24 6:11,5/25/2024,7:34:59,411cc410-37d1-41fa-9196-fee4006eeb65,c2e352e0-cc02-4b4b-bcd7-813fc3f229c3,AZ GV B105,8O30I,,EDIBLE,GUMMY,GOOD TIDE,GUAVA LIVE ROSIN GUMMIES (H-100MG),HYBRID,,2,0,0,0.1,8.2,0.1,GRAMS,16.4,20,40,F.O.H. - RECREATIONAL PRODUCTS,5/28/2024,11:32:59,,2594 (Wyld),,,,"810109861095,LsB",46 WELLNESS LLC (WYLD),00000116DCJL00597353,,,,,100,,100MG,,,ADULT,
7/24/24 6:11,7/24/24 6:11,7/12/2024,13:10:00,558b3e9e-68cf-4cfd-be24-fa0d2a249a4a,d354c793-2b07-4fc2-a09d-f9c6028a980e, AZ GV B105,ATNGV,,EDIBLE,GUMMY,GOOD TIDE,GUAVA LIVE ROSIN GUMMIES (H-100MG),HYBRID,,38,0,0,0.1,8.2,0.1,GRAMS,311.6,20,760,F.O.H. - RECREATIONAL PRODUCTS,7/16/2024,10:31:29,,2860 (Good Tide),,,,"810109861095,lGr",46 WELLNESS LLC (WYLD),00000116DCJL00597353,,,,,100,,100MG,,,ADULT,
7/24/24 6:11,7/24/24 6:11,5/25/2024,7:34:59,411cc410-37d1-41fa-9196-fee4006eeb65,5c4f1eac-c049-49ce-8ff7-b03b6d994bef,AZ MG B105,R7NLY,,EDIBLE,GUMMY,GOOD TIDE,MANGO LIVE ROSIN GUMMIES (I-100MG),INDICA,,2,0,0,0.1,8.2,0.1,GRAMS,16.4,20,40,F.O.H. - RECREATIONAL PRODUCTS,5/28/2024,11:32:59,,2594 (Wyld),,,,"810109861101,sIv",46 WELLNESS LLC (WYLD),00000116DCJL00597353,,,,,100,,100MG,,,ADULT,
7/24/24 6:11,7/24/24 6:11,7/12/2024,13:10:00,558b3e9e-68cf-4cfd-be24-fa0d2a249a4a,da60e566-6c09-45e4-9a28-54f6182b471f,AZ MG B105,H65VD,,EDIBLE,GUMMY,GOOD TIDE,MANGO LIVE ROSIN GUMMIES (I-100MG),INDICA,,40,0,0,0.1,8.2,0.1,GRAMS,328,20,800,F.O.H. - RECREATIONAL PRODUCTS,7/16/2024,10:31:29,,2860 (Good Tide),,,,"5cm,810109861101",46 WELLNESS LLC (WYLD),00000116DCJL00597353,,,,,100,,100MG,,,ADULT,
7/24/24 6:11,7/24/24 6:11,7/12/2024,13:10:00,558b3e9e-68cf-4cfd-be24-fa0d2a249a4a,33278701-b823-4f38-b3b7-465524175748,AZ PA B105,CGHH5-2,,EDIBLE,GUMMY,GOOD TIDE,PINEAPPLE LIVE ROSIN GUMMIES (S-100MG),SATIVA,,30,0,0,0.1,8.2,0.1,GRAMS,246,20,600,F.O.H. - RECREATIONAL PRODUCTS,7/16/2024,10:31:29,,2860 (Good Tide),,,,"810109861118,BEd",46 WELLNESS LLC (WYLD),00000116DCJL00597353,,,,,100,,100MG,,,ADULT,
7/24/24 6:11,7/24/24 6:11,5/28/2024,9:11:41,c933de5a-5295-428d-b0f9-8e8befd5af17,59bbdac0-ea13-4878-9288-be0a85e851e3,NJMP031924H100,S8XVH,,EDIBLE,BAKED GOOD,JAMS,MILK CHOCOLATE PRETZEL (H-100MG),HYBRID,,3,0,0,0.1,5.526154,0.1,GRAMS,16.578462,16,48,F.O.H. - RECREATIONAL PRODUCTS,5/28/2024,12:07:54,,1956 (Select),,,,"156682,daH",NATURAL HERB REMEDIES (SELECT),00000053DCXB00858835,,,,,100,,100MG,,,ADULT,
7/24/24 6:11,7/24/24 6:11,5/28/2024,9:11:41,c933de5a-5295-428d-b0f9-8e8befd5af17,4a6ae231-a751-4327-ab50-3b0efe9c784c,NJTR04162H100,VQR4O-2,,EDIBLE,HARD CANDY,JAMS,RASPBERRY LEMONADE TARTS (H-100MG),HYBRID,,10,0,0,0.1,5.526154,0.1,GRAMS,55.26154,16,160,F.O.H. - RECREATIONAL PRODUCTS,5/28/2024,12:07:54,,1956 (Select),,,,"160415,xDU",NATURAL HERB REMEDIES (SELECT),00000053DCXB00858835,,,,,100,,100MG,,,ADULT,
7/24/24 6:11,7/24/24 6:11,5/28/2024,9:11:41,c933de5a-5295-428d-b0f9-8e8befd5af17,ff62316f-a7e5-453f-b59a-87a2065df1b6,NJTS041624H100,289CA,,EDIBLE,HARD CANDY,JAMS,STRAWBERRY TARTS (H-100MG),HYBRID,,12,0,0,0.1,5.526154,0.1,GRAMS,66.313848,16,192,F.O.H. - RECREATIONAL PRODUCTS,5/28/2024,12:07:54,,1956 (Select),,,,"162321,E1j",NATURAL HERB REMEDIES (SELECT),00000053DCXB00858835,,,,,100,,100MG,,,ADULT,
7/24/24 6:11,7/24/24 6:11,5/28/2024,9:11:41,c933de5a-5295-428d-b0f9-8e8befd5af17,3754f97b-1089-42b8-bfbe-1a2ab68e4fae,NJTT040924H100,7V3IY,,EDIBLE,HARD CANDY,JAMS,TANGERINE TARTS (H-100MG),HYBRID,,8,0,0,0.1,5.526154,0.1,GRAMS,44.209232,16,128,F.O.H. - RECREATIONAL PRODUCTS,5/28/2024,12:07:54,,1956 (Select),,,,"159889,nsL",NATURAL HERB REMEDIES (SELECT),00000053DCXB00858835,,,,,100,,100MG,,,ADULT,
7/24/24 6:11,7/24/24 6:11,5/28/2024,9:11:41,c933de5a-5295-428d-b0f9-8e8befd5af17,e4f9f534-e933-469f-915f-63b868134fec,NJBC042324H100,0T9IL,,EDIBLE,CHOCOLATE,JAMS,WHITE BIRTHDAY CAKE CHOCOLATE (H-100MG),HYBRID,,3,0,0,0.1,5.526154,0.1,GRAMS,16.578462,16,48,F.O.H. - RECREATIONAL PRODUCTS,5/28/2024,12:07:54,,1956 (Select),,,,"159990,5l4",NATURAL HERB REMEDIES (SELECT),00000053DCXB00858835,,,,,100,,100MG,,,ADULT,
7/24/24 6:11,7/24/24 6:11,7/16/2024,9:31:51,bb8169e5-5a89-43a4-a0d2-e4dd5e52703a,3fa69303-4643-4584-993d-431ff6db4ab8,24-0620-03,TEUZ5-2,,EDIBLE,GUMMY,JUKEBOX,FRUTTI PUNCH GUMMIES (H-100MG),HYBRID,,70,0,0,0.1,5.02,0.1,GRAMS,351.4,12,840,F.O.H. - RECREATIONAL PRODUCTS,7/16/2024,10:21:25,,6512 (COPPER),,,,"130394,Nt2","KANNABOOST TECHNOLOGY INC (UNIVERSITY DC, TIMELESS, NOIR, TUMBLE, CANARY)",00000118DCKD00426097,,,,,100,,100MG,,JB-DISTGUM-FRTP-100MG,ADULT,
7/24/24 6:11,7/24/24 6:11,6/10/2024,16:03:57,40cf9714-1c27-4a90-808f-b93c41d40881,84dd92a4-debe-43fd-a6a0-1e16daaa339f,24-0523-01,ACC4Q-2-2-1-1,,EDIBLE,GUMMY,JUKEBOX,GRAPE GUMMIES (H-100MG),HYBRID,,28,0,0,0.1,5.02,0.1,GRAMS,140.56,12,336,F.O.H. - RECREATIONAL PRODUCTS,6/11/2024,10:46:50,,5856 (Copperstate),,,,"126744,knZ","KANNABOOST TECHNOLOGY INC (UNIVERSITY DC, TIMELESS, NOIR, TUMBLE, CANARY)",00000118DCKD00426097,,,,,100,,100MG,,JB-DISTGUM-GRPE-100MG,ADULT,
7/24/24 6:11,7/24/24 6:11,6/10/2024,16:03:57,40cf9714-1c27-4a90-808f-b93c41d40881,a06985c8-46ac-431b-92b9-5bc311d3a9b1, 24-0522-02,UMWHR-1-1-1-1,,EDIBLE,GUMMY,JUKEBOX,ORANGE GUMMIES (H-100MG),HYBRID,,49,0,0,0.1,5.01,0.1,GRAMS,245.49,12,588,F.O.H. - RECREATIONAL PRODUCTS,6/11/2024,10:46:50,,5856 (Copperstate),,,,"126745,sN4","KANNABOOST TECHNOLOGY INC (UNIVERSITY DC, TIMELESS, NOIR, TUMBLE, CANARY)",00000118DCKD00426097,,,,,100,,100MG,,JB-DISTGUM-ORNG-100MG,ADULT,
7/24/24 6:11,7/24/24 6:11,5/22/2024,17:17:48,7457f93c-db6b-4001-ba78-5e07061351b8,01b4c7ab-0c84-49d3-851b-b021b8cccc49,9010H.007.0324.06.100.KPBR,UTBML-2-1-1,,EDIBLE,GUMMY,KUSHY PUNCH,BLUE RASPBERRY GUMMIES (H-100MG),HYBRID,,5,0,0,0.1,6,0.1,GRAMS,30,12,60,F.O.H. - RECREATIONAL PRODUCTS,5/23/2024,10:23:38,,5550(Kushy Punch) ,,,~3910268056938731,"PJj,~1890543131369256","KANNABOOST TECHNOLOGY INC (UNIVERSITY DC, TIMELESS, NOIR, TUMBLE, CANARY)",00000118DCKD00426097,,,,,100,,100MG,,,ADULT,
7/24/24 6:11,7/24/24 6:11,7/17/2024,18:07:57,00e53a24-7ad1-4d7e-8452-bff56c1cee3a,23826171-c945-4d13-9168-7058cdac1748,9010H.008.0624.06.100.KPBR,MQF8H-2,,EDIBLE,GUMMY,KUSHY PUNCH,BLUE RASPBERRY GUMMIES (H-100MG),HYBRID,,28,0,0,0.1,6,0.1,GRAMS,168,12,336,F.O.H. - RECREATIONAL PRODUCTS,7/18/2024,9:24:44,,6576(Kushy Punch),,,~3910268056938731,"H2n,~5039198388149789","KANNABOOST TECHNOLOGY INC (UNIVERSITY DC, TIMELESS, NOIR, TUMBLE, CANARY)",00000118DCKD00426097,,,6/1/2026,,100,,100MG,,,ADULT,
7/24/24 6:11,7/24/24 6:11,7/17/2024,18:07:57,00e53a24-7ad1-4d7e-8452-bff56c1cee3a,872fe488-529d-4f7d-956d-6c4c2d23e9d8,9010I.007.0324.06.100.KPB,2ICXY,,EDIBLE,GUMMY,KUSHY PUNCH,BLUEBERRY GUMMIES (I-100MG),INDICA,,33,0,0,0.1,6,0.1,GRAMS,198,12,396,F.O.H. - RECREATIONAL PRODUCTS,7/18/2024,9:24:44,,6576(Kushy Punch),,,~2745993253404508,"iJo,~1266731372527746","KANNABOOST TECHNOLOGY INC (UNIVERSITY DC, TIMELESS, NOIR, TUMBLE, CANARY)",00000118DCKD00426097,,,3/1/2026,,100,,100MG,,,ADULT,
7/24/24 6:11,7/24/24 6:11,7/17/2024,18:07:57,00e53a24-7ad1-4d7e-8452-bff56c1cee3a,28833684-81eb-4363-83ca-1fcc1faf0b5a,9010S.007.0324.06.100.KPKB,XT39I,,EDIBLE,GUMMY,KUSHY PUNCH,KIWI BREEZE GUMMIES (S-100MG),SATIVA,,38,0,0,0.1,6,0.1,GRAMS,228,12,456,F.O.H. - RECREATIONAL PRODUCTS,7/18/2024,9:24:44,,6576(Kushy Punch),,,,"Eab,~6350730025567953","KANNABOOST TECHNOLOGY INC (UNIVERSITY DC, TIMELESS, NOIR, TUMBLE, CANARY)",00000118DCKD00426097,,,3/1/2026,,100,,100MG,,,ADULT,
7/24/24 6:11,7/24/24 6:11,5/6/2024,16:08:36,5d2c96bc-8471-4311-a15e-1e5b14752f73,f93c65a8-b131-4768-8d7e-70b99b195b6e,9010I.006.1123.06.100.KPPM,ILM8Y,,EDIBLE,GUMMY,KUSHY PUNCH,PEACH MANGO GUMMIES (I-100MG),INDICA,,1,0,0,0.1,6,0.1,GRAMS,6,12,12,F.O.H. - RECREATIONAL PRODUCTS,5/7/2024,9:43:06,,5237(Kushy Punch),,,,"NRO,~0553806057606327,~4800205900852378","KANNABOOST TECHNOLOGY INC (UNIVERSITY DC, TIMELESS, NOIR, TUMBLE, CANARY)",00000118DCKD00426097,,,,,100,,100MG,,,ADULT,
7/24/24 6:11,7/24/24 6:11,7/17/2024,18:07:57,00e53a24-7ad1-4d7e-8452-bff56c1cee3a,582bbdf3-e09e-49ae-9ae6-ff453e581a7c,90101.007.0324.06.100.KPPM,91B9T-2,,EDIBLE,GUMMY,KUSHY PUNCH,PEACH MANGO GUMMIES (I-100MG),INDICA,,18,0,0,0.1,6,0.1,GRAMS,108,12,216,F.O.H. - RECREATIONAL PRODUCTS,7/18/2024,9:24:44,,6576(Kushy Punch),,,,"850030273758,haH,~2331447656540920","KANNABOOST TECHNOLOGY INC (UNIVERSITY DC, TIMELESS, NOIR, TUMBLE, CANARY)",00000118DCKD00426097,,,,,100,,100MG,,,ADULT,
7/24/24 6:11,7/24/24 6:11,6/27/2024,7:52:14,1c65d9e6-eee9-4fbc-9417-70faaefdd915,97c34769-7a9e-42b3-a128-ded254fcef84,9010S.007.0324.06.100.KPS,FZ852-2,,EDIBLE,GUMMY,KUSHY PUNCH,STRAWBERRY GUMMIES (S-100MG),SATIVA,,44,0,0,0.1,6,0.1,GRAMS,264,12,528,F.O.H. - RECREATIONAL PRODUCTS,6/27/2024,10:26:33,,6203 (Kushy Punch),,,~0586504195558764,"leF,~5527395734901447","KANNABOOST TECHNOLOGY INC (UNIVERSITY DC, TIMELESS, NOIR, TUMBLE, CANARY)",00000118DCKD00426097,,,,,100,,100MG,,,ADULT,
7/24/24 6:11,7/24/24 6:11,7/9/2024,9:32:13,7a2b6309-8398-48fa-802b-9af5be2dc095,85e22587-5f83-4954-a853-8fe99cb2d478,A152240401,SHZTO-2,,EDIBLE,GUMMY,OGEEZ,AQUABERRY 2:1 GUMMIES (I-100MG),INDICA,,24,0,0,0.1,9,0.1,GRAMS,216,14,336,F.O.H. - RECREATIONAL PRODUCTS,7/9/2024,10:03:07,,6407 (Ogeez),,,,PJ3,"KANNABOOST TECHNOLOGY INC (UNIVERSITY DC, TIMELESS, NOIR, TUMBLE, CANARY)",00000118DCKD00426097,,,4/1/2025,,100,,100MG,,,ADULT,
7/24/24 6:11,7/24/24 6:11,6/10/2024,17:15:40,aee77226-618d-43ad-ad7d-410b83317b41,bd7c0599-ac46-4f83-b811-e8fcfae459a5,A152240401,HF5G2-2-1,,EDIBLE,GUMMY,OGEEZ,AQUABERRY 2:1 GUMMIES (I-100MG),INDICA,,7,0,0,0.1,6.75,0.1,GRAMS,47.25,14,98,F.O.H. - RECREATIONAL PRODUCTS,6/11/2024,10:14:55,,5888 (Ogeez),,,,"A152240401,Ba9,http://www.ogeezbrands.com/testing/A152240401","KANNABOOST TECHNOLOGY INC (UNIVERSITY DC, TIMELESS, NOIR, TUMBLE, CANARY)",00000118DCKD00426097,,,4/1/2025,,100,,100MG,,,ADULT,
7/24/24 6:11,7/24/24 6:11,7/9/2024,9:32:13,7a2b6309-8398-48fa-802b-9af5be2dc095,f1991096-a662-478c-b4a2-bb7f98a7f9b4,A210240620,5OMK5-2,,EDIBLE,GUMMY,OGEEZ,PEG'S BIG RASPBERRY ORANGE RSO GUMMIES (H-100MG),HYBRID,,32,0,0,0.1,4.5,0.1,GRAMS,144,9,288,F.O.H. - RECREATIONAL PRODUCTS,7/9/2024,10:03:07,,6407 (Ogeez),,,,"A210240315,A210240620,JoO","KANNABOOST TECHNOLOGY INC (UNIVERSITY DC, TIMELESS, NOIR, TUMBLE, CANARY)",00000118DCKD00426097,,,6/21/2025,,100,,100MG,,,ADULT,
7/24/24 6:11,7/24/24 6:11,7/9/2024,9:32:13,7a2b6309-8398-48fa-802b-9af5be2dc095,7905e68a-6bf8-4133-b23e-6d3a93d9e771,A151240315,E2LLB-2,,EDIBLE,GUMMY,OGEEZ,PEG'S RASPBERRY ORANGE RSO GUMMIES (H-100MG),HYBRID,,20,0,0,0.1,9,0.1,GRAMS,180,16,320,F.O.H. - RECREATIONAL PRODUCTS,7/9/2024,10:03:07,,6407 (Ogeez),,,,"A151240315,o0Z","KANNABOOST TECHNOLOGY INC (UNIVERSITY DC, TIMELESS, NOIR, TUMBLE, CANARY)",00000118DCKD00426097,,,3/15/2025,,100,,100MG,,,ADULT,
7/24/24 6:11,7/24/24 6:11,6/10/2024,17:15:40,aee77226-618d-43ad-ad7d-410b83317b41,b2297826-b8f8-4a81-a430-1168b29721e3,0224RNTZ.42,XM8H1-2-1,,EDIBLE,GUMMY,OGEEZ,STRAWBERRIES AND CREAM 1:1 GUMMY (H-100MG),HYBRID,,26,0,0,0.1,6,0.1,GRAMS,156,14,364,F.O.H. - RECREATIONAL PRODUCTS,6/11/2024,10:14:55,,5888 (Ogeez),,,,"A153240419,wBD","KANNABOOST TECHNOLOGY INC (UNIVERSITY DC, TIMELESS, NOIR, TUMBLE, CANARY)",00000118DCKD00426097,,,4/19/2025,,100,100,100MG,,,ADULT,
7/24/24 6:11,7/24/24 6:11,7/9/2024,9:32:13,7a2b6309-8398-48fa-802b-9af5be2dc095,a3b65328-6a50-480f-8f42-b79c5e8261e4,A001240404,DHANO-2,,EDIBLE,GUMMY,OGEEZ,THE CREAMS GUMMIES (I-100MG),INDICA,,33,0,0,0.1,7,0.1,GRAMS,231,14,462,F.O.H. - RECREATIONAL PRODUCTS,7/9/2024,10:03:07,,6407 (Ogeez),,,,"A001240404,usY","KANNABOOST TECHNOLOGY INC (UNIVERSITY DC, TIMELESS, NOIR, TUMBLE, CANARY)",00000118DCKD00426097,,,4/4/2025,,100,,100MG,,,ADULT,
7/24/24 6:11,7/24/24 6:11,7/9/2024,9:32:13,7a2b6309-8398-48fa-802b-9af5be2dc095,1903a282-e401-4a04-bebd-80cc0879e530,A002240402,IR7F8,,EDIBLE,GUMMY,OGEEZ,THE CREAMS GUMMIES (S-100MG),SATIVA,,6,0,0,0.1,7,0.1,GRAMS,42,14,84,F.O.H. - RECREATIONAL PRODUCTS,7/9/2024,10:03:07,,6407 (Ogeez),,,,"A002240402,uJj","KANNABOOST TECHNOLOGY INC (UNIVERSITY DC, TIMELESS, NOIR, TUMBLE, CANARY)",00000118DCKD00426097,,,4/2/2025,,100,,100MG,,,ADULT,
7/24/24 6:11,7/24/24 6:11,1/2/2024,13:37:44,f6f7aac0-bf97-48fa-b705-13922eb04178,e4049aef-56c7-4a84-b045-9e0483d1afb0,A004231122,B284F-002,,EDIBLE,GUMMY,OGEEZ,THE FRUITS GUMMIES (I-100MG),INDICA,,23,0,0,0.1,5.25,0.1,GRAMS,120.75,14,322,F.O.H. - RECREATIONAL PRODUCTS,1/2/2024,13:44:21,,LL5938,,,,PR1,"RAINBOW COLLECTIVE, LLC/MDM PRIME, LLC DBA: OGEEZ! BRANDS",00000039DCVR00320237,,,11/22/2024,,100,,100MG,,,ADULT,
7/24/24 6:11,7/24/24 6:11,7/9/2024,9:32:13,7a2b6309-8398-48fa-802b-9af5be2dc095,4401c4ca-71a3-48ba-83ea-0b35f359befc,A005240405,BUDNZ-2,,EDIBLE,GUMMY,OGEEZ,THE FRUITS GUMMIES (S-100MG),SATIVA,,69,0,0,0.1,7,0.1,GRAMS,483,14,966,F.O.H. - RECREATIONAL PRODUCTS,7/9/2024,10:03:07,,6407 (Ogeez),,,,"A005240405,ofK","KANNABOOST TECHNOLOGY INC (UNIVERSITY DC, TIMELESS, NOIR, TUMBLE, CANARY)",00000118DCKD00426097,,,4/25/2025,,100,,100MG,,,ADULT,
7/24/24 6:11,7/24/24 6:11,7/9/2024,9:32:13,7a2b6309-8398-48fa-802b-9af5be2dc095,3e3e5b87-7aab-4949-9169-2dc4eb24df0e,A155240402,TBZZK,,EDIBLE,GUMMY,OGEEZ,VEGAN SWEET CLEMENTINE LIVE ROSIN GUMMIES (H-100MG),HYBRID,,38,0,0,0.1,11.5,0.1,GRAMS,437,22,836,F.O.H. - RECREATIONAL PRODUCTS,7/9/2024,10:03:07,,6407 (Ogeez),,,,"A155240402,fRP","KANNABOOST TECHNOLOGY INC (UNIVERSITY DC, TIMELESS, NOIR, TUMBLE, CANARY)",00000118DCKD00426097,,,4/2/2025,,100,,100MG,,,ADULT,
7/24/24 6:11,7/24/24 6:11,7/1/2024,15:46:27,e322a724-26d9-4303-bda2-c6f355736a4d,86206ec4-95e3-457d-a93e-cc8532104f90,CB13 7,LG4N5,,EDIBLE,GUMMY,PURE,BERRY SLEEPY 2:1 THC/CBN GUMMIES (I-100MG),INDICA,,3,0,0,0.1,7.2,0.1,GRAMS,21.6,18,54,F.O.H. - RECREATIONAL PRODUCTS,7/3/2024,12:02:31,,11257(Pure) ,,,,"142000420133,Lmv",RCH WELLNESS CENTER(PURE),00000080ESNP00364439,,,11/28/2024,,100,,100MG,,,ADULT,
7/24/24 6:11,7/24/24 6:11,7/15/2024,21:07:05,883bd01b-53bc-4dc0-b416-bff114876378,c8d528d2-02c8-4009-b18c-92889fc130a1,CB13 7,2LNNM-1,,EDIBLE,GUMMY,PURE,BERRY SLEEPY 2:1 THC/CBN GUMMIES (I-100MG),INDICA,,11,0,0,0.1,7.2,0.1,GRAMS,79.2,18,198,F.O.H. - RECREATIONAL PRODUCTS,7/17/2024,9:32:07,,11316 (Pure),,,,"142000420133,DcY",RCH WELLNESS CENTER(PURE),00000080ESNP00364439,,,11/28/2024,,100,,100MG,,,ADULT,
7/24/24 6:11,7/24/24 6:11,7/1/2024,15:46:27,e322a724-26d9-4303-bda2-c6f355736a4d,2f71a632-37e2-4ded-a9b5-f3f3f2b0e75a,CD42SAT 5A,INYLZ-2,,EDIBLE,GUMMY,PURE,FRUIT PUNCH GUMMIES (S-100MG),SATIVA,,3,0,0,0.1,4.8,0.1,GRAMS,14.4,12,36,F.O.H. - RECREATIONAL PRODUCTS,7/3/2024,12:02:31,,11257(Pure) ,,,,"142000420058,gPZ",RCH WELLNESS CENTER(PURE),00000080ESNP00364439,,,11/1/2024,,100,,100MG,,,ADULT,
7/24/24 6:11,7/24/24 6:11,7/15/2024,21:07:05,883bd01b-53bc-4dc0-b416-bff114876378,92f23b8f-cd8e-4ef6-b417-5014ab88fd3f,CD43SAT 5,IKQTS,,EDIBLE,GUMMY,PURE,FRUIT PUNCH GUMMIES (S-100MG),SATIVA,,24,0,0,0.1,4.8,0.1,GRAMS,115.2,12,288,F.O.H. - RECREATIONAL PRODUCTS,7/17/2024,9:32:07,,11316 (Pure),,,,"142000420058,76r",RCH WELLNESS CENTER(PURE),00000080ESNP00364439,,,,,100,,100MG,,,ADULT,
7/24/24 6:11,7/24/24 6:11,7/1/2024,15:46:27,e322a724-26d9-4303-bda2-c6f355736a4d,ccbac540-74e6-430c-b5a7-e4ec741523ca,CD46IND 3,1UDDK-1,,EDIBLE,GUMMY,PURE,MANGO GUMMIES (I-100MG),INDICA,,3,0,0,0.1,4.8,0.1,GRAMS,14.4,12,36,F.O.H. - RECREATIONAL PRODUCTS,7/3/2024,12:02:31,,11257(Pure) ,,,,"142000420072,6iM",RCH WELLNESS CENTER(PURE),00000080ESNP00364439,,,12/11/2024,,100,,100MG,,,ADULT,
7/24/24 6:11,7/24/24 6:11,7/15/2024,21:07:05,883bd01b-53bc-4dc0-b416-bff114876378,c382bc14-1dfa-448a-a31b-d073c12b10c8, CD43SAT 3,DSO4Z-2,,EDIBLE,GUMMY,PURE,MANGO GUMMIES (S-100MG),SATIVA,,12,0,0,0.1,4.8,0.1,GRAMS,57.6,12,144,F.O.H. - RECREATIONAL PRODUCTS,7/17/2024,9:32:07,,11316 (Pure),,,,"142000420010,tVi",RCH WELLNESS CENTER(PURE),00000080ESNP00364439,,,11/26/2024,,100,,100MG,,,ADULT,
7/24/24 6:11,7/24/24 6:11,7/1/2024,15:46:27,e322a724-26d9-4303-bda2-c6f355736a4d,76d0ba78-9d01-436f-b73a-67961d111abe,CD46IND,JIN9A-1,,EDIBLE,GUMMY,PURE,WATERMELON GUMMIES (I-100MG),INDICA,,2,0,0,0.1,4.8,0.1,GRAMS,9.6,12,24,F.O.H. - RECREATIONAL PRODUCTS,7/3/2024,12:02:31,,11257(Pure) ,,,,"142000420096,dgu",RCH WELLNESS CENTER(PURE),00000080ESNP00364439,,,12/11/2024,,100,,100MG,,,ADULT,
7/24/24 6:11,7/24/24 6:11,7/1/2024,15:46:27,e322a724-26d9-4303-bda2-c6f355736a4d,10e14436-fe89-4a89-bdf7-07c1287202b8,CD42SAT 1A,W5HI4-2,,EDIBLE,GUMMY,PURE,WATERMELON GUMMIES (S-100MG),SATIVA,,3,0,0,0.1,4.8,0.1,GRAMS,14.4,12,36,F.O.H. - RECREATIONAL PRODUCTS,7/3/2024,12:02:31,,11257(Pure) ,,,,"142000420034,KfL",RCH WELLNESS CENTER(PURE),00000080ESNP00364439,,,11/1/2024,,100,,100MG,,,ADULT,
7/24/24 6:11,7/24/24 6:11,1/17/2024,12:57:43,b7bfce77-24b5-470f-9802-b66be8a9030e,14573878-ee45-4a72-82d4-4cc893051034,PF105-013-1201,H6H22,,EDIBLE,GUMMY,RR BROTHERS,CATRI PASSION FRUIT MARACUYA 2:1 GUMMIES (I-100MG),INDICA,,8,0,0,0.1,5.25,0.1,GRAMS,42,18,144,F.O.H. - RECREATIONAL PRODUCTS,1/18/2024,10:33:59,,773,,,,vDn,RR BROS - PONDEROSA BOTANICAL CARE INC. (MEDICAL OFFSITE INFUSION KITCHEN/CAKE),00000066DCBO00410690,,,12/1/2024,,100,,100MG,,,ADULT,
7/24/24 6:11,7/24/24 6:11,1/17/2024,12:57:43,b7bfce77-24b5-470f-9802-b66be8a9030e,3b07ee99-2863-44a1-9f1d-291deeca7cf3,C10-013-1201H,R5UY9,,EDIBLE,GUMMY,RR BROTHERS,CHERRY GUMMIES (H-100MG),HYBRID,,12,0,0,0.1,6,0.1,GRAMS,72,18,216,F.O.H. - RECREATIONAL PRODUCTS,1/18/2024,10:33:59,,773,,,,3rb,RR BROS - PONDEROSA BOTANICAL CARE INC. (MEDICAL OFFSITE INFUSION KITCHEN/CAKE),00000066DCBO00410690,,,12/1/2024,,100,,100MG,,,ADULT,
7/24/24 6:11,7/24/24 6:11,1/17/2024,12:57:43,b7bfce77-24b5-470f-9802-b66be8a9030e,75e17fc2-e61a-4fa3-89a7-274f05507deb,CV10-004-0703LR,XDPQM,,EDIBLE,GUMMY,RR BROTHERS,CHERRY ICE LIVE RESIN GUMMIES (I-100MG),INDICA,,8,0,0,0.1,6.75,0.1,GRAMS,54,18,144,F.O.H. - RECREATIONAL PRODUCTS,1/18/2024,10:33:59,,773,,,,kEh,RR BROS - PONDEROSA BOTANICAL CARE INC. (MEDICAL OFFSITE INFUSION KITCHEN/CAKE),00000066DCBO00410690,,,10/2/2024,,100,,100MG,,,ADULT,
7/24/24 6:11,7/24/24 6:11,1/17/2024,12:57:43,b7bfce77-24b5-470f-9802-b66be8a9030e,b89a9101-69c4-4e28-bb98-9adf7a0e5d23,L10-013-1201S,YDJMJ,,EDIBLE,GUMMY,RR BROTHERS,LEMON GUMMIES (S-100MG),SATIVA,,13,0,0,0.1,6,0.1,GRAMS,78,18,234,F.O.H. - RECREATIONAL PRODUCTS,1/18/2024,10:33:59,,773,,,,e2C,RR BROS - PONDEROSA BOTANICAL CARE INC. (MEDICAL OFFSITE INFUSION KITCHEN/CAKE),00000066DCBO00410690,,,12/1/2024,,100,,100MG,,,ADULT,
7/24/24 6:11,7/24/24 6:11,1/17/2024,12:57:43,b7bfce77-24b5-470f-9802-b66be8a9030e,8de2968d-d022-4859-b5e5-2efbd1d75876,M10-013-1201S,KT47G,,EDIBLE,GUMMY,RR BROTHERS,MANGO GUMMIES (S-100MG),SATIVA,,1,0,0,0.1,6,0.1,GRAMS,6,18,18,F.O.H. - RECREATIONAL PRODUCTS,1/18/2024,10:33:59,,773,,,,ghT,RR BROS - PONDEROSA BOTANICAL CARE INC. (MEDICAL OFFSITE INFUSION KITCHEN/CAKE),00000066DCBO00410690,,,12/1/2024,,100,,100MG,,,ADULT,
7/24/24 6:11,7/24/24 6:11,1/17/2024,12:57:43,b7bfce77-24b5-470f-9802-b66be8a9030e,a80d532d-c4af-4bb7-bf9f-dff9c324722b,S10-013-1201H,Y01LG,,EDIBLE,GUMMY,RR BROTHERS,STRAWBERRY GUMMIES (H-100MG),HYBRID,,13,0,0,0.1,6,0.1,GRAMS,78,18,234,F.O.H. - RECREATIONAL PRODUCTS,1/18/2024,10:33:59,,773,,,,6s2,RR BROS - PONDEROSA BOTANICAL CARE INC. (MEDICAL OFFSITE INFUSION KITCHEN/CAKE),00000066DCBO00410690,,,12/1/2024,,100,,100MG,,,ADULT,
7/24/24 6:11,7/24/24 6:11,1/17/2024,12:57:43,b7bfce77-24b5-470f-9802-b66be8a9030e,a230f2e9-c6c1-40ce-a796-49eb24f48ab4,SBK10-003-0803LR,TX2FH,,EDIBLE,GUMMY,RR BROTHERS,STRAWBERRY KIWI LIVE RESIN GUMMIES (S-100MG),SATIVA,,4,0,0,0.1,6.75,0.1,GRAMS,27,18,72,F.O.H. - RECREATIONAL PRODUCTS,1/18/2024,10:33:59,,773,,,,uZz,RR BROS - PONDEROSA BOTANICAL CARE INC. (MEDICAL OFFSITE INFUSION KITCHEN/CAKE),00000066DCBO00410690,,,10/1/2024,,100,,100MG,,,ADULT,
7/24/24 6:11,7/24/24 6:11,7/12/2024,10:50:58,500e1817-e145-4548-94aa-8066704e4b95,41adaf98-4756-40c1-8d38-b426610646e5, 24-0424-02,BC8FF-2,,EDIBLE,HARD CANDY,SUBLIME,BLUE RASPBERRY SUCKER (H-10MG),HYBRID,,28,0,0,0.01,2.5,0.01,GRAMS,70,3,84,F.O.H. - RECREATIONAL PRODUCTS,7/17/2024,17:18:21,,11439 (Sublime Edibles),,,,"850029604334,vd8",MEDICAL PAIN RELIEF INC(HOT ROD/SUBLIME),00000010ESIR42914838,,,,,10,,,,,ADULT,
7/24/24 6:11,7/24/24 6:11,7/12/2024,10:50:58,500e1817-e145-4548-94aa-8066704e4b95,051d8b00-8e27-4d25-ae5d-4137e8b71f5d,24-0604-04,A1SB8-2,,EDIBLE,HARD CANDY,SUBLIME,CHERRY SUCKER (H-10MG),HYBRID,,33,0,0,0.01,2.5,0.01,GRAMS,82.5,3,99,F.O.H. - RECREATIONAL PRODUCTS,7/17/2024,17:18:21,,11439 (Sublime Edibles),,,,"24-0604-04,850029604365,fSN",MEDICAL PAIN RELIEF INC(HOT ROD/SUBLIME),00000010ESIR42914838,,,,,10,,,,,ADULT,
7/24/24 6:11,7/24/24 6:11,7/12/2024,10:50:58,500e1817-e145-4548-94aa-8066704e4b95,22e517db-6888-47fa-a9ab-d2979ce1f277,24-0430-06,TLCNS-2,,EDIBLE,CHOCOLATE,SUBLIME,COOKIES & CREAM CHOCOLATE BAR (H-100MG),,,12,0,0,0.1,8,0.1,GRAMS,96,16,192,F.O.H. - RECREATIONAL PRODUCTS,7/17/2024,17:18:21,,11439 (Sublime Edibles),,,,"24-0430-06,hVn",MEDICAL PAIN RELIEF INC(HOT ROD/SUBLIME),00000010ESIR42914838,,,,,100,,,,,ADULT,
7/24/24 6:11,7/24/24 6:11,7/12/2024,10:50:58,500e1817-e145-4548-94aa-8066704e4b95,e8300181-0ce0-46d8-88a2-7ac9b16b8de0,24-0606-03,0IJB1-1,,EDIBLE,HARD CANDY,SUBLIME,FRUIT PUNCH RSO HARD CANDY (H-100MG),HYBRID,,9,0,0,0.1,7.5,0.1,GRAMS,67.5,18,162,F.O.H. - RECREATIONAL PRODUCTS,7/17/2024,17:18:21,,11439 (Sublime Edibles),,,,"24-0530-02,24-0606-03,BQJ",MEDICAL PAIN RELIEF INC(HOT ROD/SUBLIME),00000010ESIR42914838,,,,,100,,100MG,,,ADULT,
7/24/24 6:11,7/24/24 6:11,7/12/2024,10:50:58,500e1817-e145-4548-94aa-8066704e4b95,8820f3f4-5a94-459a-a255-8a043c898d25,24-0530-02,QBJRE-1,,EDIBLE,HARD CANDY,SUBLIME,KIWI STRAWBERRY RSO HARD CANDY (H-100MG),HYBRID,,9,0,0,0.1,7.5,0.1,GRAMS,67.5,18,162,F.O.H. - RECREATIONAL PRODUCTS,7/17/2024,17:18:21,,11439 (Sublime Edibles),,,,"24-0530-02,j1U",MEDICAL PAIN RELIEF INC(HOT ROD/SUBLIME),00000010ESIR42914838,,,,,100,,100MG,,,ADULT,
7/24/24 6:11,7/24/24 6:11,7/12/2024,10:50:58,500e1817-e145-4548-94aa-8066704e4b95,b2ce61cc-75c2-49fe-8c02-5e4618a66bfa,24-0612-04,0IA7H-2,,EDIBLE,BAKED GOOD,SUBLIME,LEMON TEA CAKE BITES (H-100MG),HYBRID,,10,0,0,0.1,8,0.1,GRAMS,80,16,160,F.O.H. - RECREATIONAL PRODUCTS,7/17/2024,17:18:21,,11439 (Sublime Edibles),,,,"24-0612-04,RGG",MEDICAL PAIN RELIEF INC(HOT ROD/SUBLIME),00000010ESIR42914838,,,,,100,,,,,ADULT,
7/24/24 6:11,7/24/24 6:11,7/12/2024,10:50:58,500e1817-e145-4548-94aa-8066704e4b95,277e8bb7-fda7-4c50-8027-2d95821e784b,24-0416-02,IH0BF-2,,EDIBLE,HARD CANDY,SUBLIME,PEACH MANGO RSO HARD CANDY (H-100MG),HYBRID,,10,0,0,0.1,7.5,0.1,GRAMS,75,18,180,F.O.H. - RECREATIONAL PRODUCTS,7/17/2024,17:18:21,,11439 (Sublime Edibles),,,,"24-0416-02,hPj",MEDICAL PAIN RELIEF INC(HOT ROD/SUBLIME),00000010ESIR42914838,,,,,100,,100MG,,,ADULT,
7/24/24 6:11,7/24/24 6:11,7/12/2024,10:50:58,500e1817-e145-4548-94aa-8066704e4b95,ff1af7de-a39b-4481-ac6f-fedad11a82ae,24-0529-02,1M4XP-1,,EDIBLE,HARD CANDY,SUBLIME,PRICKLY PEAR HARD CANDY (H-100MG),HYBRID,,8,0,0,0.1,7,0.1,GRAMS,56,16,128,F.O.H. - RECREATIONAL PRODUCTS,7/17/2024,17:18:21,,11439 (Sublime Edibles),,,,"24-0529-02,XNt",MEDICAL PAIN RELIEF INC(HOT ROD/SUBLIME),00000010ESIR42914838,,,,,100,,0.1,,,ADULT,
7/24/24 6:11,7/24/24 6:11,7/12/2024,10:50:58,500e1817-e145-4548-94aa-8066704e4b95,10ab13d5-7a9e-49a3-8292-13bbaa27f0d6,24-0509-02,DSK0I-2,,EDIBLE,CHOCOLATE,SUBLIME,RSO DARK CHOCOLATE BAR (H-100MG),HYBRID,,11,0,0,0.1,8,0.1,GRAMS,88,18,198,F.O.H. - RECREATIONAL PRODUCTS,7/17/2024,17:18:21,,11439 (Sublime Edibles),,,,"24-0509-02,UM9",MEDICAL PAIN RELIEF INC(HOT ROD/SUBLIME),00000010ESIR42914838,,,,,100,,,,,ADULT,
7/24/24 6:11,7/24/24 6:11,7/12/2024,10:50:58,500e1817-e145-4548-94aa-8066704e4b95,ccf7a5cd-ae8e-4bea-8ac7-7272528966b8,24-0507-04,65GOF-2,,EDIBLE,CHOCOLATE,SUBLIME,RSO MILK CHOCOLATE BAR (H-100MG),HYBRID,,9,0,0,0.1,8,0.1,GRAMS,72,18,162,F.O.H. - RECREATIONAL PRODUCTS,7/17/2024,17:18:21,,11439 (Sublime Edibles),,,,"24-0507-04,kr9",MEDICAL PAIN RELIEF INC(HOT ROD/SUBLIME),00000010ESIR42914838,,,,,100,,,,,ADULT,
7/24/24 6:11,7/24/24 6:11,7/12/2024,10:50:58,500e1817-e145-4548-94aa-8066704e4b95,872adaf2-c4ab-4df9-8f8b-018567aa07d9,24-0523-02,XH3EL,,EDIBLE,SAVORY,SUBLIME,SPICY SOUTHWEST PRETZELS (H-100MG),HYBRID,,14,0,0,0.1,6.5,0.1,GRAMS,91,16,224,F.O.H. - RECREATIONAL PRODUCTS,7/17/2024,17:18:21,,11439 (Sublime Edibles),,,,"24-0523-02,gFK",MEDICAL PAIN RELIEF INC(HOT ROD/SUBLIME),00000010ESIR42914838,,,,,100,,100mg,,,ADULT,
7/24/24 6:11,7/24/24 6:11,7/12/2024,10:50:58,500e1817-e145-4548-94aa-8066704e4b95,7092f9a8-04a3-4d73-b388-f4504dc9b47d,24-0612-02,SZFE7-1,,EDIBLE,BAKED GOOD,SUBLIME,STRAWBERRY CRUMB BITE (H-100MG),HYBRID,,7,0,0,0.1,8,0.1,GRAMS,56,16,112,F.O.H. - RECREATIONAL PRODUCTS,7/17/2024,17:18:21,,11439 (Sublime Edibles),,,,"24-0612-02,42J",MEDICAL PAIN RELIEF INC(HOT ROD/SUBLIME),00000010ESIR42914838,,,,,100,,100MG,,,ADULT,
7/24/24 6:11,7/24/24 6:11,7/12/2024,10:50:58,500e1817-e145-4548-94aa-8066704e4b95,3455efc8-08c5-4f71-bb95-b428321d4919,24-0502-08,PJQU0-1,,EDIBLE,HARD CANDY,SUBLIME,SUGAR FREE WATERMELON SUCKER (H-10MG),,,36,0,0,0.01,2.5,0.01,GRAMS,90,3,108,F.O.H. - RECREATIONAL PRODUCTS,7/17/2024,17:18:21,,11439 (Sublime Edibles),,,,"24-0502-08,doq",MEDICAL PAIN RELIEF INC(HOT ROD/SUBLIME),00000010ESIR42914838,,,,,10,,,,,ADULT,
7/24/24 6:11,7/24/24 6:11,6/2/2024,9:07:05,a7acb591-22ee-4795-84ef-d57153053b15,ac5d4ab1-9f3c-4a27-8490-b818c72b0e2a,AZ BO B104,EJ79O-1-2,,EDIBLE,GUMMY,WYLD,BLOOD ORANGE 1:1 GUMMIES (S-100MG),SATIVA,,1,0,0,0.1,8,0.1,GRAMS,8,18,18,F.O.H. - RECREATIONAL PRODUCTS,6/4/2024,9:35:16,,2633(Wyld),,,,"111041924,810109860982,kDA",46 WELLNESS LLC (WYLD),00000116DCJL00597353,,,4/19/2025,,100,,100MG,,,ADULT,
7/24/24 6:11,7/24/24 6:11,6/21/2024,11:55:56,af31055f-c439-4791-a25f-97514630c940,d65adcda-05c9-48c8-b3c3-f159838d849d,AZ BO B105,910D1,,EDIBLE,GUMMY,WYLD,BLOOD ORANGE 1:1 GUMMIES (S-100MG),SATIVA,,13,0,0,0.1,8,0.1,GRAMS,104,18,234,F.O.H. - RECREATIONAL PRODUCTS,6/25/2024,8:49:04,,2732 (Wyld),,,,"111051324,4pY",46 WELLNESS LLC (WYLD),00000116DCJL00597353,,,5/13/2025,,100,,100MG,,,ADULT,
7/24/24 6:11,7/24/24 6:11,6/21/2024,11:55:56,af31055f-c439-4791-a25f-97514630c940,3eb1090d-55e7-43f2-b6ae-87a87abf9d51,AZ EB B117,ODQVV,,EDIBLE,GUMMY,WYLD,ELDERBERRY GUMMIES 2:1 THC:CBN (I-100MG),INDICA,,11,0,0,0.1,8,0.1,GRAMS,88,18,198,F.O.H. - RECREATIONAL PRODUCTS,6/25/2024,8:49:04,,2732 (Wyld),,,,"108051624,PhI",46 WELLNESS LLC (WYLD),00000116DCJL00597353,,,,,100,,100MG,,,ADULT,
7/24/24 6:11,7/24/24 6:11,6/21/2024,11:55:56,af31055f-c439-4791-a25f-97514630c940,81ba7153-53d1-46b4-ac61-868583760813,AZ GF B100,LM6MI-2,,EDIBLE,GUMMY,WYLD,GRAPEFRUIT GUMMIES 1:1:1 THC:CBG:CBC (S-100MG),SATIVA,,34,0,0,0.1,8,0.1,GRAMS,272,16,544,F.O.H. - RECREATIONAL PRODUCTS,6/25/2024,8:49:04,,2732 (Wyld),,,,"114043024,5Te",46 WELLNESS LLC (WYLD),00000116DCJL00597353,,,,,100,,100MG,,,ADULT,
7/24/24 6:11,7/24/24 6:11,6/21/2024,11:55:56,af31055f-c439-4791-a25f-97514630c940,383d59c9-401f-494b-bd4a-7513d47ef139,AZ HB B105,W36UZ,,EDIBLE,GUMMY,WYLD,HUCKLEBERRY GUMMIES (H-100MG),HYBRID,,11,0,0,0.1,7,0.1,GRAMS,77,16,176,F.O.H. - RECREATIONAL PRODUCTS,6/25/2024,8:49:04,,2732 (Wyld),,,,"102050724,e3O",46 WELLNESS LLC (WYLD),00000116DCJL00597353,,,,,100,,100MG,,,ADULT,
7/24/24 6:11,7/24/24 6:11,6/21/2024,11:55:56,af31055f-c439-4791-a25f-97514630c940,88bb9f8a-65eb-48ef-ac3f-0ce413380ba3,AZ MB B105,RIU4H,,EDIBLE,GUMMY,WYLD,MARIONBERRY GUMMIES (I-100MG),INDICA,,11,0,0,0.1,7,0.1,GRAMS,77,16,176,F.O.H. - RECREATIONAL PRODUCTS,6/25/2024,8:49:04,,2732 (Wyld),,,,"103051524,krN",46 WELLNESS LLC (WYLD),00000116DCJL00597353,,,,,100,,100MG,,,ADULT,
7/24/24 6:11,7/24/24 6:11,7/6/2024,8:06:37,4a61555f-d1d3-4df3-be75-716a6a9598ec,b465173b-f446-41f2-8f5d-3ba3f2056ad9,AZ GP B110,VDY19-2,,EDIBLE,GUMMY,WYLD,ONE GRAPE GUMMIES (I-100MG),INDICA,,25,0,0,0.1,3.5,0.1,GRAMS,87.5,10,250,F.O.H. - RECREATIONAL PRODUCTS,7/9/2024,8:37:30,,2816 (Wyld),,,,"403061224,Hpp",46 WELLNESS LLC (WYLD),00000116DCJL00597353,,,6/12/2025,,100,,100MG,,,ADULT,
7/24/24 6:11,7/24/24 6:11,7/6/2024,8:06:37,4a61555f-d1d3-4df3-be75-716a6a9598ec,e2892a4f-ed6b-4d28-8fac-4ba969a831a1,AZ PM B107,UWGR0-1,,EDIBLE,GUMMY,WYLD,ONE SOUR PEACH MANGO GUMMIES (H-100MG),HYBRID,,25,0,0,0.1,3.5,0.1,GRAMS,87.5,10,250,F.O.H. - RECREATIONAL PRODUCTS,7/9/2024,8:37:30,,2816 (Wyld),,,,"402061224,KE5",46 WELLNESS LLC (WYLD),00000116DCJL00597353,,,6/12/2025,,100,,100MG,,,ADULT,
7/24/24 6:11,7/24/24 6:11,6/2/2024,9:07:05,a7acb591-22ee-4795-84ef-d57153053b15,9e417ca5-f173-4a78-972d-ce277cffe065,AZ SL B108,M74AN-1-1,,EDIBLE,GUMMY,WYLD,ONE STRAWBERRY LEMONADE GUMMIES (H-100MG),HYBRID,,1,0,0,0.1,3.5,0.1,GRAMS,3.5,10,10,F.O.H. - RECREATIONAL PRODUCTS,6/4/2024,9:35:16,,2633(Wyld),,,,"401041024,N7b",46 WELLNESS LLC (WYLD),00000116DCJL00597353,,,4/10/2025,,100,,100MG,,,ADULT,
7/24/24 6:11,7/24/24 6:11,6/2/2024,9:07:05,a7acb591-22ee-4795-84ef-d57153053b15,52e408a5-d8b8-4af7-9d48-8c393bb98f1d,AZ PCH B104,CMP77,,EDIBLE,GUMMY,WYLD,PEACH GUMMIES 2:1 CBD:THC (H-50MG),HYBRID,,7,0,0,0.05,7,0.05,GRAMS,49,16,112,F.O.H. - RECREATIONAL PRODUCTS,6/4/2024,9:35:16,,2633(Wyld),,,,"105041724,lmW",46 WELLNESS LLC (WYLD),00000116DCJL00597353,,,4/17/2025,,50,100,50MG,,,ADULT,
7/24/24 6:11,7/24/24 6:11,6/21/2024,11:55:56,af31055f-c439-4791-a25f-97514630c940,ba294bd5-0a18-47e4-ab17-6525498ba6dd,AZ PR B108,HH257-1,,EDIBLE,GUMMY,WYLD,PEAR GUMMIES 1:1 THC:CBG (H-100MG),HYBRID,,14,0,0,0.1,8,0.1,GRAMS,112,18,252,F.O.H. - RECREATIONAL PRODUCTS,6/25/2024,8:49:04,,2732 (Wyld),,,,"107051424,CaY",46 WELLNESS LLC (WYLD),00000116DCJL00597353,,,,,100,,100MG,,,ADULT,
7/24/24 6:11,7/24/24 6:11,6/21/2024,11:55:56,af31055f-c439-4791-a25f-97514630c940,d87ffd9a-26d6-44b3-a8de-3c024299c975,AZ POM B106,LGBSN-1,,EDIBLE,GUMMY,WYLD,POMEGRANATE GUMMIES 1:1 THC:CBD (H-100MG),HYBRID,,25,0,0,0.1,8,0.1,GRAMS,200,18,450,F.O.H. - RECREATIONAL PRODUCTS,6/25/2024,8:49:04,,2732 (Wyld),,,,"104051424,kui",46 WELLNESS LLC (WYLD),00000116DCJL00597353,,,,,100,100,100MG,,,ADULT,
7/24/24 6:11,7/24/24 6:11,6/21/2024,11:55:56,af31055f-c439-4791-a25f-97514630c940,cb8e4350-c040-48e8-be7b-51146cc79750,AZ RB B106,1T5Y3-2,,EDIBLE,GUMMY,WYLD,RASPBERRY GUMMIES (S-100MG),SATIVA,,10,0,0,0.1,7,0.1,GRAMS,70,16,160,F.O.H. - RECREATIONAL PRODUCTS,6/25/2024,8:49:04,,2732 (Wyld),,,,"101050724,TJC",46 WELLNESS LLC (WYLD),00000116DCJL00597353,,,,,100,,100MG,,,ADULT,
7/24/24 6:11,7/24/24 6:11,6/21/2024,11:55:56,af31055f-c439-4791-a25f-97514630c940,1ba3124c-b152-4b39-8709-7fde1c6a3da5,AZ APL B108,QKS6Z-2-1,,EDIBLE,GUMMY,WYLD,SOUR APPLE GUMMIES (S-100MG),SATIVA,,38,0,0,0.1,7,0.1,GRAMS,266,16,608,F.O.H. - RECREATIONAL PRODUCTS,6/25/2024,8:49:04,,2732 (Wyld),,,,"110051324,tub",46 WELLNESS LLC (WYLD),00000116DCJL00597353,,,,,100,,100MG,,,ADULT,
7/24/24 6:11,7/24/24 6:11,6/21/2024,11:55:56,af31055f-c439-4791-a25f-97514630c940,5697962a-4b99-4084-b901-e73aaf56ffce,AZ CHRY B105,R71G7-2,,EDIBLE,GUMMY,WYLD,SOUR CHERRY GUMMIES (I-100MG),INDICA,,27,0,0,0.1,7,0.1,GRAMS,189,16,432,F.O.H. - RECREATIONAL PRODUCTS,6/25/2024,8:49:04,,2732 (Wyld),,,,"109052124,3IK,860006192570",46 WELLNESS LLC (WYLD),00000116DCJL00597353,,,,,100,,100MG,,,ADULT,
7/24/24 6:11,7/24/24 6:11,5/8/2024,17:50:54,33bb8bee-5058-4f4b-a8a0-87ec73542cbf,ae5ec74c-c6a3-4c19-8f1c-c8090a83cf26,AZ TAN B103,S55LK-1,,EDIBLE,GUMMY,WYLD,SOUR TANGERINE GUMMIES (H-100MG),HYBRID,,9,0,0,0.1,7,0.1,GRAMS,63,16,144,F.O.H. - RECREATIONAL PRODUCTS,5/14/2024,10:15:40,,2480(Wyld),,,,"112041924,810109861736,y2l",46 WELLNESS LLC (WYLD),00000116DCJL00597353,,,4/19/2025,,100,,100MG,,,ADULT,
7/24/24 6:11,7/24/24 6:11,7/6/2024,8:06:37,4a61555f-d1d3-4df3-be75-716a6a9598ec,67c95c94-8a5b-4e92-bfc5-e3444fc7ce59,AZ SB B107,RNHXI-2,,EDIBLE,GUMMY,WYLD,STRAWBERRY GUMMIES 20:1 CBD:THC (H-10MG),HYBRID,,19,0,0,0.01,7,0.01,GRAMS,133,16,304,F.O.H. - RECREATIONAL PRODUCTS,7/9/2024,8:37:30,,2816 (Wyld),,,,"106052224,roD",46 WELLNESS LLC (WYLD),00000116DCJL00597353,,,,,10,200,10MG,,,ADULT,
7/24/24 6:11,7/24/24 6:11,7/1/2024,15:46:35,e23690ec-51f0-407a-b40e-4d072f040660,9f363848-786d-4b4c-b585-9fad970a64ad,AZ-12-052824-ZK,2C5DY-1,,FLOWER,PRE-PACK,ALIEN LABS,Z GUEST FLOWER (H-3.5G),HYBRID,,2,0,0,,25,3.5,GRAMS,50,50,100,F.O.H. - RECREATIONAL PRODUCTS,7/4/2024,9:20:24,,6313(Alien Labs),,,,"AZ-11-052824-ZK,knQ","KANNABOOST TECHNOLOGY INC (UNIVERSITY DC, TIMELESS, NOIR, TUMBLE, CANARY)",00000118DCKD00426097,,,,,,,,,,ADULT,26.73%
7/24/24 6:11,7/24/24 6:11,7/1/2024,15:46:35,e23690ec-51f0-407a-b40e-4d072f040660,135480e9-f798-4115-9597-6c3c97969eb9,AZ-10-052424-BIS,YK3MU,,FLOWER,PRE-PACK,CONNECTED,BISCOTTI GUEST FLOWER (H-3.5G),HYBRID,,3,0,0,,25,3.5,GRAMS,75,50,150,F.O.H. - RECREATIONAL PRODUCTS,7/4/2024,9:20:24,,6313(Alien Labs),,,,"AZ-10-052424-BIS,o6J","KANNABOOST TECHNOLOGY INC (UNIVERSITY DC, TIMELESS, NOIR, TUMBLE, CANARY)",00000118DCKD00426097,,,,,,,,,,ADULT,
7/24/24 6:11,7/24/24 6:11,6/10/2024,15:50:42,8a5a2cc8-b844-4835-b630-f077e388ec91,510456b4-133b-4263-a01a-572a4912dece,AZ-14-042424-GEL,1QMT1-1,,FLOWER,PRE-PACK,CONNECTED,GELONADE GUEST FLOWER (H-14G),HYBRID,,3,0,0,,60,14,GRAMS,180,120,360,F.O.H. - RECREATIONAL PRODUCTS,6/11/2024,10:19:51,,5837 (Alien Labs/Connected),,,,"AZ-07-042424-GEL,NGD","KANNABOOST TECHNOLOGY INC (UNIVERSITY DC, TIMELESS, NOIR, TUMBLE, CANARY)",00000118DCKD00426097,,,,,,,,,,ADULT,
7/24/24 6:11,7/24/24 6:11,7/1/2024,15:46:35,e23690ec-51f0-407a-b40e-4d072f040660,91ac4d96-16a7-41fc-8b52-7f855f3ac9a2,AZ-03-052324-GEL,2077S,,FLOWER,PRE-PACK,CONNECTED,GELONADE GUEST FLOWER (H-3.5G),HYBRID,,14,0,0,,25,3.5,GRAMS,350,50,700,F.O.H. - RECREATIONAL PRODUCTS,7/4/2024,9:20:24,,6313(Alien Labs),,,,"AZ-03-052324-GEL,pjC","KANNABOOST TECHNOLOGY INC (UNIVERSITY DC, TIMELESS, NOIR, TUMBLE, CANARY)",00000118DCKD00426097,,,,,,,,,,ADULT,22.37%
7/24/24 6:11,7/24/24 6:11,6/10/2024,15:50:42,8a5a2cc8-b844-4835-b630-f077e388ec91,39125cb1-1c7c-4cfa-9289-c733f77141ca,AZ-14-042524-RS11,QL8OP-1-1,,FLOWER,PRE-PACK,CONNECTED,RAINBOW SHERBERT #11 GUEST FLOWER (H-14G),HYBRID,,3,0,0,,60,14,GRAMS,180,120,360,F.O.H. - RECREATIONAL PRODUCTS,6/11/2024,10:19:51,,5837 (Alien Labs/Connected),,,,"AZ-14-042524-RS11,DP7","KANNABOOST TECHNOLOGY INC (UNIVERSITY DC, TIMELESS, NOIR, TUMBLE, CANARY)",00000118DCKD00426097,,,,,,,,,,ADULT,
7/24/24 6:11,7/24/24 6:11,6/25/2024,9:08:03,ab5903d3-85c6-4e5d-be10-bcc49632b627,45e187ac-a3d8-44ec-b62f-5cab0583ac36, 5123FCFK.32,DO8CV-1-2-1-1,,FLOWER,PRE-PACK,COPPERSTATE FARMS,FIRST CLASS FUNK LIMITED HARVEST FLOWER (S-3.5G),SATIVA,,28,0,0,,7.75,3.5,GRAMS,217,35,980,F.O.H. - RECREATIONAL PRODUCTS,6/25/2024,11:19:38,,6150 (Copper State),,,,"FCFKCSF8TH202406200063,FCFKCSF8TH202406280065,rIB","KANNABOOST TECHNOLOGY INC (UNIVERSITY DC, TIMELESS, NOIR, TUMBLE, CANARY)",00000118DCKD00426097,,,,,,,,,CSF-FLWRJR-FCFK-3.5,ADULT,
7/24/24 6:11,7/24/24 6:11,6/2/2024,12:49:01,5bdde608-ea60-47c5-b328-b15540d9dfda,8835cbaa-9e49-43fd-95e0-06e6039f977b,PMKR240115,8X7ZK-1,,FLOWER,PRE-PACK,DOJA PACK,PERMANENT MARKER GUEST FLOWER (H-14G),HYBRID,,2,0,0,,50,14,GRAMS,100,115,230,F.O.H. - RECREATIONAL PRODUCTS,6/10/2024,14:56:21,,440(Doja Pack),,,,"04710,0qS",THE MEDICINE ROOM LLC,00000084ESFH12297246,,,,,,,,,,ADULT,
7/24/24 6:11,7/24/24 6:11,6/11/2024,8:38:59,a69bd6b9-c464-40c6-b232-c500751b9ece,4127daca-5402-454e-85f0-e38f4bbc2621,STAR240130,2B1K9-1,,FLOWER,PRE-PACK,DOJA PACK,STARLATO GUEST FLOWER (H-3.5G),HYBRID,,2,0,0,,22.5,3.5,GRAMS,45,55,110,F.O.H. - RECREATIONAL PRODUCTS,6/13/2024,11:15:07,,483 (Project Packs),,,,"04991,saB",THE MEDICINE ROOM LLC,00000084ESFH12297246,,,,,,,,,,ADULT,
7/24/24 6:11,7/24/24 6:11,6/11/2024,8:38:59,a69bd6b9-c464-40c6-b232-c500751b9ece,efc2262d-f1da-4c6b-af4f-4c55e33417c0,WTTF240219,BLL0G-1,,FLOWER,PRE-PACK,DOJA PACK,WHITE TAFFI GUEST FLOWER (H-3.5G),HYBRID,,10,0,0,,22.5,3.5,GRAMS,225,55,550,F.O.H. - RECREATIONAL PRODUCTS,6/13/2024,11:15:07,,483 (Project Packs),,,,"04990,zd7",THE MEDICINE ROOM LLC,00000084ESFH12297246,,,,,,,,,,ADULT,20.93%
7/24/24 6:11,7/24/24 6:11,6/2/2024,12:49:01,5bdde608-ea60-47c5-b328-b15540d9dfda,f03ad278-f101-48fb-b5f3-8d135969584a,ZOAP240115,8V188-1,,FLOWER,PRE-GROUND,DOJA PACK,ZOAP GUEST FLOWER (H-14G),HYBRID,,5,0,0,,50,14,GRAMS,250,115,575,F.O.H. - RECREATIONAL PRODUCTS,6/10/2024,14:56:21,,440(Doja Pack),,,,"04709,jhL",THE MEDICINE ROOM LLC,00000084ESFH12297246,,,,,,,,,,ADULT,
7/24/24 6:11,7/24/24 6:11,5/21/2024,6:06:59,72846e1e-85f9-4f78-b6e2-88b911e4788b,ff008d71-c0a2-454a-97a6-c86c4a98ec5d,ZOAP240115,ZJ21K-1,,FLOWER,PRE-PACK,DOJA PACK,ZOAP GUEST FLOWER (H-3.5G),HYBRID,,6,0,0,,22.5,3.5,GRAMS,135,55,330,F.O.H. - RECREATIONAL PRODUCTS,5/23/2024,8:27:35,,389 (Project Packs),,,,"03956,Dem",THE MEDICINE ROOM LLC,00000084ESFH12297246,,,,,,,,,,ADULT,25.02%
7/24/24 6:11,7/24/24 6:11,6/2/2024,12:49:01,5bdde608-ea60-47c5-b328-b15540d9dfda,abfcc952-9cd9-41ff-99ac-3c93c7fb6a37,DGBH240102,VLUQF-1,,FLOWER,PRE-PACK,GREEN DAWG CULTIVATORS,DAWG BREATH GUEST FLOWER (H-3.5G),HYBRID,,40,0,0,,17.5,3.5,GRAMS,700,45,1800,F.O.H. - RECREATIONAL PRODUCTS,6/10/2024,14:56:21,,440(Doja Pack),,,,"03246,HsM",THE MEDICINE ROOM LLC,00000084ESFH12297246,,,,,,,,,,ADULT,23.99%
7/24/24 6:11,7/24/24 6:11,6/19/2024,10:55:18,a1dc983c-cf49-4b49-9874-dc3005ea2500,41cffa6b-c5d4-4ca6-bcab-e4f09736e4f8,H.GT240523.A02.001,Y2UWI,,FLOWER,PRE-PACK,GROW SCIENCES,GUSHMINTS GUEST FLOWER (H-3.7G),HYBRID,,30,0,0,,22.5,3.7,GRAMS,675,50,1500,F.O.H. - RECREATIONAL PRODUCTS,6/26/2024,11:08:51,,126250 (Grow Science),,,,"66697812,Pbg",43RD TOTAL ACCOUNTABILITY PATIENT CARE (G.S.),,,,,,,,,,,ADULT,21.62%
7/24/24 6:11,7/24/24 6:11,4/30/2024,17:32:05,4a162f4c-e780-40bd-b4dc-e4fdc14608ca,af904ee8-e127-4052-ae01-332d8e66b3b8,H.JZ240306.A09,1TSW4-001,,FLOWER,PRE-PACK,GROW SCIENCES,JELLY RTZ GUEST FLOWER (H-3.7G),HYBRID,,16,0,0,,22.5,3.7,GRAMS,360,50,800,F.O.H. - RECREATIONAL PRODUCTS,5/7/2024,14:59:36,,121028(Grow Sciences),,,,"2pC,55027534",43RD TOTAL ACCOUNTABILITY PATIENT CARE (G.S.),,,,,,,,,,,ADULT,19.41%
7/24/24 6:11,7/24/24 6:11,5/7/2024,12:39:49,5ee6f2da-9dd4-4441-8891-7d7ab4fabb8f,1d8c7bb3-dfc1-4801-b8d2-37f41ac98c1a,H.PU240410.A04,HXPVK-2-1,,FLOWER,PRE-PACK,GROW SCIENCES,PUDDLES GUEST FLOWER (H-3.7G),HYBRID,,38,0,0,,12.5,3.7,GRAMS,475,50,1900,F.O.H. - RECREATIONAL PRODUCTS,5/14/2024,10:21:57,,8f603e25(Grow Sciences),,,,"95953420,kdi",43RD TOTAL ACCOUNTABILITY PATIENT CARE (G.S.),,,,,,,,,,,ADULT,23.11%
7/24/24 6:11,7/24/24 6:11,4/14/2024,9:25:52,b6237ecb-6721-4b43-8988-2d48a7f24005,f4b85b70-a8a7-4257-b153-a8380040cc9a,H.SA240306.A09 ,GFETR-002-001-1,,FLOWER,PRE-PACK,GROW SCIENCES,STRAWBERRIES & CREAM GUEST FLOWER (H-3.7G),HYBRID,,4,0,0,,12.5,3.7,GRAMS,50,50,200,F.O.H. - RECREATIONAL PRODUCTS,4/16/2024,9:15:57,,41d439b5,,,,"62586640,OfE",43RD TOTAL ACCOUNTABILITY PATIENT CARE (G.S.),,,,,,,,,,,ADULT,22.30%
7/24/24 6:11,7/24/24 6:11,7/12/2024,7:37:24,dde92778-8c08-4cba-8be0-394634b8ecdf,25b2320e-23b5-4b87-b13a-e3e29ac20bbb,BUSTR-040824,XP1OG-2-1,,FLOWER,PRE-PACK,HOUSE EXOTICS,BUSTER RTZ GUEST FLOWER (H-3.5G),HYBRID,HOUSE EXOTICS | FLOWER,63,0,0,,14,3.5,GRAMS,882,45,2835,F.O.H. - RECREATIONAL PRODUCTS,7/12/2024,11:56:42,,6481 (House Exotics),,,,6f0,"KANNABOOST TECHNOLOGY INC (UNIVERSITY DC, TIMELESS, NOIR, TUMBLE, CANARY)",00000118DCKD00426097,,,,,,,,,,ADULT,28.56%
7/24/24 6:11,7/24/24 6:11,7/12/2024,7:37:24,dde92778-8c08-4cba-8be0-394634b8ecdf,a47369bc-4992-442e-b761-408ca26defa9,FIRNR-040124,4IEV1,,FLOWER,PRE-PACK,HOUSE EXOTICS,FIRE N RAIN GUEST FLOWER (H-3.5G),HYBRID,HOUSE EXOTICS | FLOWER,30,0,0,,14,3.5,GRAMS,420,45,1350,F.O.H. - RECREATIONAL PRODUCTS,7/12/2024,11:56:42,,6481 (House Exotics),,,,Gcz,"KANNABOOST TECHNOLOGY INC (UNIVERSITY DC, TIMELESS, NOIR, TUMBLE, CANARY)",00000118DCKD00426097,,,,,,,,,,ADULT,25.55%
7/24/24 6:11,7/24/24 6:11,7/12/2024,7:37:24,dde92778-8c08-4cba-8be0-394634b8ecdf,54d5540a-0612-4c94-907a-dc3846ef3355,62039,7RA42,,FLOWER,PRE-PACK,HOUSE EXOTICS,ROSEANNE GUEST FLOWER (H-3.5G),HYBRID,HOUSE EXOTICS | FLOWER,28,0,0,,14,3.5,GRAMS,392,45,1260,F.O.H. - RECREATIONAL PRODUCTS,7/12/2024,11:56:42,,6481 (House Exotics),,,,R7P,"KANNABOOST TECHNOLOGY INC (UNIVERSITY DC, TIMELESS, NOIR, TUMBLE, CANARY)",00000118DCKD00426097,,,,,,,,,,ADULT,28.56%
7/24/24 6:11,7/24/24 6:11,7/12/2024,7:43:21,170800f2-e3df-4974-be1f-9dfbfd81e009,f6ef22ba-e341-4c88-aa2c-69d13c940cb1,0524APFR.41,OPVAS-2-2,,FLOWER,PRE-PACK,JUKEBOX,APPLE FRITTER FLOWER (I-3.5G),INDICA,,152,0,0,,5.74,3.5,GRAMS,872.48,20,3040,F.O.H. - RECREATIONAL PRODUCTS,7/12/2024,9:56:56,,6494 (Copperstate),,,,"APFRJKB8TH202407100022,VcZ","KANNABOOST TECHNOLOGY INC (UNIVERSITY DC, TIMELESS, NOIR, TUMBLE, CANARY)",00000118DCKD00426097,,,,,,,,,,ADULT,19.28%
7/24/24 6:11,7/24/24 6:11,6/12/2024,19:10:19,ce7b4ba8-ad43-4f32-b2cd-eb591f83bed2,71af3bc4-be3a-4599-bbba-a2eda963c138,0224BBFT.42,6NXI7-2-1,,FLOWER,PRE-PACK,JUKEBOX,BUBBA STAR DOG FLOWER (H-3.5G),HYBRID,,191,0,0,,5.74,3.5,GRAMS,1096.34,20,3820,F.O.H. - RECREATIONAL PRODUCTS,6/14/2024,8:35:13,,5903(Copperstate),,,,"BBFTJKB8TH202405290019,BBFTJKB8TH202406040021,BBFTJKB8TH202406060022,k6m","KANNABOOST TECHNOLOGY INC (UNIVERSITY DC, TIMELESS, NOIR, TUMBLE, CANARY)",00000118DCKD00426097,,,,,,,,,,ADULT,21.27%
7/24/24 6:11,7/24/24 6:11,7/16/2024,9:31:51,bb8169e5-5a89-43a4-a0d2-e4dd5e52703a,08291e2c-2810-4055-a0e8-81c1720a21a6,2823COCL.31,DAMVI-1-1,,FLOWER,PRE-PACK,JUKEBOX,COCO CHNL FLOWER (I-3.5G),INDICA,,1,0,0,,5.74,3.5,GRAMS,5.74,20,20,F.O.H. - RECREATIONAL PRODUCTS,7/16/2024,10:21:25,,6512 (COPPER),,,COCLTS8TH202308100005,"6Oz,COCLJKB8TH202402070033","KANNABOOST TECHNOLOGY INC (UNIVERSITY DC, TIMELESS, NOIR, TUMBLE, CANARY)",00000118DCKD00426097,,,,,,,,,JB-FLWR-[COCL]3.5,ADULT,23.56%
7/24/24 6:11,7/24/24 6:11,7/11/2024,10:05:39,fc3a4445-25fc-4992-bf15-182b9e5e4bbf,0fda1e81-32fc-48ac-a801-0ecb94f9f517,0524FAMI.41,1MPOT-2-1,,FLOWER,PRE-PACK,JUKEBOX,FACE MINTS FLOWER (I-3.5G),INDICA,,192,0,0,,5.74,3.5,GRAMS,1102.08,20,3840,F.O.H. - RECREATIONAL PRODUCTS,7/12/2024,6:52:54,,6443 (Copperstate),,,,"FAMIJKB8TH202407080020,FAMIJKB8TH202407110021,FOK,famijkb8th202407110021","KANNABOOST TECHNOLOGY INC (UNIVERSITY DC, TIMELESS, NOIR, TUMBLE, CANARY)",00000118DCKD00426097,,,,,,,,,,ADULT,23.29%
7/24/24 6:11,7/24/24 6:11,7/4/2024,9:33:30,4eea2b1e-55ac-4bc3-bd5c-eb896a931c1b,57acf050-f776-4409-959e-ea8bddd1abfc,0424FCFK.45,1PCWD-2-2-1,,FLOWER,PRE-PACK,JUKEBOX,FIRST CLASS FUNK FLOWER (S-3.5G),SATIVA,,153,0,0,,5.74,3.5,GRAMS,878.22,20,3060,F.O.H. - RECREATIONAL PRODUCTS,7/4/2024,9:42:56,,6337 (Copperstate),,,,"09N,FCFKJKB8TH202407010066","KANNABOOST TECHNOLOGY INC (UNIVERSITY DC, TIMELESS, NOIR, TUMBLE, CANARY)",00000118DCKD00426097,,,,,,,,,,ADULT,21%
7/24/24 6:11,7/24/24 6:11,7/19/2024,8:28:50,26a31b8e-2465-4157-b92e-d25d61663006,4c73c1f9-03e7-4227-9fc9-53ae11cf4e3e,0524GSP4.41,QTYRJ-2,,FLOWER,PRE-PACK,JUKEBOX,GASTRO POP #4 FLOWER (I-14G),INDICA,,138,0,0,,21.33,14,GRAMS,2943.54,55,7590,F.O.H. - RECREATIONAL PRODUCTS,7/19/2024,10:21:41,,6675 (Copperstate),,,,"GSP4JKB14G202407170053,SUD","KANNABOOST TECHNOLOGY INC (UNIVERSITY DC, TIMELESS, NOIR, TUMBLE, CANARY)",00000118DCKD00426097,,,,,,,,,JB-FLWR-[^]14,ADULT,32.03%
7/24/24 6:11,7/24/24 6:11,7/22/2024,15:29:44,ebacd8b6-38c0-43a9-8fad-94adef52ae2d,6e1ed292-ee13-4441-88f5-618ce164ffc4,0724LVJS.31,FH96T-2,,FLOWER,PRE-PACK,JUKEBOX,LAVENDER JONES FLOWER (S-3.5G),SATIVA,,140,0,0,,5.74,3.5,GRAMS,803.6,20,2800,F.O.H. - RECREATIONAL PRODUCTS,7/23/2024,12:22:43,,6730 (Copperstate),,,,"LVJSJKB8TH202407190031,YLY","KANNABOOST TECHNOLOGY INC (UNIVERSITY DC, TIMELESS, NOIR, TUMBLE, CANARY)",00000118DCKD00426097,5/13/2024,,,,,,,,,ADULT,25.07%
7/24/24 6:11,7/24/24 6:11,7/22/2024,15:29:44,ebacd8b6-38c0-43a9-8fad-94adef52ae2d,cfdefec3-d548-4458-b24c-241c7556765c,0724WMJR.31,0NTAV-2,,FLOWER,PRE-PACK,JUKEBOX,WATER MELLON JR FLOWER (I-3.5G),INDICA,,154,0,0,,5.74,3.5,GRAMS,883.96,20,3080,F.O.H. - RECREATIONAL PRODUCTS,7/23/2024,12:22:43,,6730 (Copperstate),,,,"6Oh,WMJRJKB8TH202407180001","KANNABOOST TECHNOLOGY INC (UNIVERSITY DC, TIMELESS, NOIR, TUMBLE, CANARY)",00000118DCKD00426097,5/13/2024,,,,,,,,,ADULT,22.53%
7/24/24 6:11,7/24/24 6:11,6/22/2024,10:07:44,18ed9e3f-02ad-4603-8644-10e72c169afe,45cabf2b-2d53-4279-989a-b5e3e2e10fd4,BREZ240305,IM9KD-2,,FLOWER,PRE-PACK,MADE,BREEZE GUEST FLOWER (H-3.5G),HYBRID,,22,0,0,,17.5,3.5,GRAMS,385,45,990,F.O.H. - RECREATIONAL PRODUCTS,6/25/2024,13:47:32,,532 (Project Packs),,,,"05476,AYz",THE MEDICINE ROOM LLC,00000084ESFH12297246,,,,,,,,,,ADULT,26.24%
7/24/24 6:11,7/24/24 6:11,7/8/2024,16:48:31,c938e6b4-ac76-49c2-80aa-6c6a375f2906,fcaf8891-a10d-4db7-849c-2a2e81aed79d,CRBL240319,PF6DH-1,,FLOWER,PRE-PACK,MADE,CREME BRULAZE GUEST FLOWER (H-3.5G),HYBRID,,11,0,0,,17.5,3.5,GRAMS,192.5,45,495,F.O.H. - RECREATIONAL PRODUCTS,7/10/2024,9:12:48,,573 (MADE),,,,"05926,M23",THE MEDICINE ROOM LLC,00000084ESFH12297246,,,,,,,,,,ADULT,25.24%
7/24/24 6:11,7/24/24 6:11,7/15/2024,21:14:14,6b0afef2-bafd-4d25-9fd1-a4ddb8dae80c,5c0b7e90-05b8-4d2d-9dc2-50a2b51b0aad,GL41240319,7OPVC,,FLOWER,PRE-PACK,MADE,GELATO 41 GUEST FLOWER (H-3.5G),HYBRID,,32,0,0,,17.5,3.5,GRAMS,560,45,1440,F.O.H. - RECREATIONAL PRODUCTS,7/19/2024,12:13:14,,599 (Project Packs),,,,"05920,tom",THE MEDICINE ROOM LLC,00000084ESFH12297246,,,,,,,,,,ADULT,
7/24/24 6:11,7/24/24 6:11,6/11/2024,8:38:59,a69bd6b9-c464-40c6-b232-c500751b9ece,793e2728-a1b2-44e9-961e-6915634e2d63,GL41240206,YA0PT-1,,FLOWER,PRE-PACK,MADE,GELATO 41 GUEST FLOWER (H-3.5G),HYBRID,,9,0,0,,17.5,3.5,GRAMS,157.5,45,405,F.O.H. - RECREATIONAL PRODUCTS,6/13/2024,11:15:07,,483 (Project Packs),,,,"04613,1BX",THE MEDICINE ROOM LLC,00000084ESFH12297246,,,,,,,,,,ADULT,21.81%
7/24/24 6:11,7/24/24 6:11,7/15/2024,21:14:14,6b0afef2-bafd-4d25-9fd1-a4ddb8dae80c,3830967f-5110-4d73-bdb4-68d3b31fdacf,GBUB240319,JY1ZN,,FLOWER,PRE-PACK,MADE,GRAPE BUBBA GUEST FLOWER (H-3.5G),HYBRID,,22,0,0,,17.5,3.5,GRAMS,385,45,990,F.O.H. - RECREATIONAL PRODUCTS,7/19/2024,12:13:14,,599 (Project Packs),,,,"05930,dWf",THE MEDICINE ROOM LLC,00000084ESFH12297246,,,,,,,,,,ADULT,22.16%
7/24/24 6:11,7/24/24 6:11,6/2/2024,12:49:01,5bdde608-ea60-47c5-b328-b15540d9dfda,b792f2a8-25e5-47a3-b6f4-9aedc2bc6e0c,MADH240115,TZ1ZJ-1-1,,FLOWER,PRE-PACK,MADE,MAD HONEY GUEST FLOWER (H-3.5G),HYBRID,,11,0,0,,17.5,3.5,GRAMS,192.5,45,495,F.O.H. - RECREATIONAL PRODUCTS,6/10/2024,14:56:21,,440(Doja Pack),,,,"03902,9nx",THE MEDICINE ROOM LLC,00000084ESFH12297246,,,,,,,,,,ADULT,22.72%
7/24/24 6:11,7/24/24 6:11,7/8/2024,16:48:31,c938e6b4-ac76-49c2-80aa-6c6a375f2906,929df9a2-a513-4ba8-bf25-b3a8442f944d,PIPN240319,NEAIV-1,,FLOWER,PRE-PACK,MADE,PIPPEN GUEST FLOWER (H-3.5G),HYBRID,,23,0,0,,17.5,3.5,GRAMS,402.5,45,1035,F.O.H. - RECREATIONAL PRODUCTS,7/10/2024,9:12:48,,573 (MADE),,,,"05923,rdl",THE MEDICINE ROOM LLC,00000084ESFH12297246,,,,,,,,,,ADULT,31.03%
7/24/24 6:11,7/24/24 6:11,7/8/2024,16:48:31,c938e6b4-ac76-49c2-80aa-6c6a375f2906,258a9ae2-14b7-4541-9568-9d33ed3e7a58,RDGN240319,PPQUD-1,,FLOWER,PRE-PACK,MADE,RED DRAGON GUEST FLOWER (S-3.5G),SATIVA,,16,0,0,,17.5,3.5,GRAMS,280,45,720,F.O.H. - RECREATIONAL PRODUCTS,7/10/2024,9:12:48,,573 (MADE),,,,"05915,1A0",THE MEDICINE ROOM LLC,00000084ESFH12297246,,,,,,,,,,ADULT,29.55%
7/24/24 6:11,7/24/24 6:11,6/11/2024,8:38:59,a69bd6b9-c464-40c6-b232-c500751b9ece,a1b24932-3147-4cac-a18b-8a79e0dbbb20,SUND240115,FW547-2,,FLOWER,PRE-PACK,MADE,SUNDAZE GUEST FLOWER (H-3.5G),HYBRID,,26,0,0,,17.5,3.5,GRAMS,455,45,1170,F.O.H. - RECREATIONAL PRODUCTS,6/13/2024,11:15:07,,483 (Project Packs),,,,"03823,23L",THE MEDICINE ROOM LLC,00000084ESFH12297246,,,,,,,,,,ADULT,23.76%
7/24/24 6:11,7/24/24 6:11,7/8/2024,16:48:31,c938e6b4-ac76-49c2-80aa-6c6a375f2906,25a0a6a8-a3ec-4c95-9100-27e770165f3f,ZOOT240319,J067Z-2,,FLOWER,PRE-PACK,MADE,ZOOTED GUEST FLOWER (H-3.5G),HYBRID,,21,0,0,,17.5,3.5,GRAMS,367.5,45,945,F.O.H. - RECREATIONAL PRODUCTS,7/10/2024,9:12:48,,573 (MADE),,,,"05880,Gwk",THE MEDICINE ROOM LLC,00000084ESFH12297246,,,,,,,,,,ADULT,23.28%
7/24/24 6:11,7/24/24 6:11,6/22/2024,10:07:44,18ed9e3f-02ad-4603-8644-10e72c169afe,38b8cd19-f7fd-48ff-9926-bda041113af2,GLTO240305,G3HHY-1,,FLOWER,PRE-PACK,PROJECT PACKS,GLUELATO GUEST FLOWER (H-3.5G),HYBRID,,5,0,0,,17.5,3.5,GRAMS,87.5,45,225,F.O.H. - RECREATIONAL PRODUCTS,6/25/2024,13:47:32,,532 (Project Packs),,,,"05465,KnV",THE MEDICINE ROOM LLC,00000084ESFH12297246,,,,,,,,,,ADULT,26.14%
7/24/24 6:11,7/24/24 6:11,7/15/2024,21:14:14,6b0afef2-bafd-4d25-9fd1-a4ddb8dae80c,8f417eaa-6bfb-4a69-8cdd-8a93596ffd48,LCG240305,A9HWS,,FLOWER,PRE-PACK,PROJECT PACKS,LEMON CHERRY GELATO GUEST FLOWER (H-3.5G),HYBRID,,31,0,0,,17.5,3.5,GRAMS,542.5,45,1395,F.O.H. - RECREATIONAL PRODUCTS,7/19/2024,12:13:14,,599 (Project Packs),,,,"05454,EO3",THE MEDICINE ROOM LLC,00000084ESFH12297246,,,,,,,,,,ADULT,25.27%
7/24/24 6:11,7/24/24 6:11,6/11/2024,8:38:59,a69bd6b9-c464-40c6-b232-c500751b9ece,032a4f96-4fb9-4be1-b109-a6da81371ebd,PAPA231218P,2IYGW,,FLOWER,PRE-PACK,PROJECT PACKS,PAPA DON GUEST FLOWER (H-3.5G),HYBRID,,4,0,0,,17.5,3.5,GRAMS,70,45,180,F.O.H. - RECREATIONAL PRODUCTS,6/13/2024,11:15:07,,483 (Project Packs),,,,"03033,Yry",THE MEDICINE ROOM LLC,00000084ESFH12297246,,,,,,,,,,ADULT,
7/24/24 6:11,7/24/24 6:11,7/15/2024,21:14:14,6b0afef2-bafd-4d25-9fd1-a4ddb8dae80c,39335a0c-1b2a-482c-bb3e-a6471cc9b9db,STDG240319,CYBYT,,FLOWER,PRE-PACK,PROJECT PACKS,STARDAWG GELATO GUEST FLOWER (H-3.5G),HYBRID,,29,0,0,,17.5,3.5,GRAMS,507.5,45,1305,F.O.H. - RECREATIONAL PRODUCTS,7/19/2024,12:13:14,,599 (Project Packs),,,,"05932,E8v",THE MEDICINE ROOM LLC,00000084ESFH12297246,,,,,,,,,,ADULT,24.06%
7/24/24 6:11,7/24/24 6:11,6/13/2024,9:20:26,5586354a-1970-4884-921a-443c93ff09ea,6a703a0d-2c74-40cb-850a-805ffbc05d2f,201GFB032024,SEL5Q-2,,FLOWER,PRE-PACK,SONORAN ROOTS,GRATEFUL BREATH GUEST FLOWER (H-3.5G),HYBRID,,2,0,0,,16.5,3.5,GRAMS,33,45,90,F.O.H. - RECREATIONAL PRODUCTS,6/20/2024,11:16:55,,1260 (Sonoran Roots),,,,"PBCROS-02229,ywk","CANAMO - PONDEROSA BOTANICAL CARE, INC  (ESTABLISHMENT OFFSITE CUTIVATION)",00000109ESVM44878444,,,,,,,,,,ADULT,26.29%
7/24/24 6:11,7/24/24 6:11,6/13/2024,9:20:26,5586354a-1970-4884-921a-443c93ff09ea,e7b69650-ab13-49e3-87ed-165eb8eb3b0c,304LME040524,PWYOS,,FLOWER,PRE-PACK,SONORAN ROOTS,JOEL'S LEMONADE GUEST FLOWER (S-3.5G),SATIVA,,1,0,0,,16.5,3.5,GRAMS,16.5,45,45,F.O.H. - RECREATIONAL PRODUCTS,6/20/2024,11:16:55,,1260 (Sonoran Roots),,,,"PBCROS-02441,n4d","CANAMO - PONDEROSA BOTANICAL CARE, INC  (ESTABLISHMENT OFFSITE CUTIVATION)",00000109ESVM44878444,,,,,,,,,,ADULT,28.74%
7/24/24 6:11,7/24/24 6:11,5/2/2024,10:54:27,7be89f23-e75f-4e16-a89f-40e144ba8576,c7b69736-df2b-4436-a3c7-3b0e064a4edf,306SSP022024,5F4BW-001,,FLOWER,PRE-PACK,SONORAN ROOTS,SONORAN SOAP GUEST FLOWER (H-3.5G),HYBRID,,11,0,0,,16.5,3.5,GRAMS,181.5,45,495,F.O.H. - RECREATIONAL PRODUCTS,5/9/2024,11:58:37,,1146(Sonoran Roots),,,,"PBCROS-01970,Wbx","CANAMO - PONDEROSA BOTANICAL CARE, INC  (ESTABLISHMENT OFFSITE CUTIVATION)",00000109ESVM44878444,,,,,,,,,,ADULT,22.17%
7/24/24 6:11,7/24/24 6:11,7/16/2024,10:32:43,13385777-ee8e-46d1-9ada-7ca805822340,6e744326-3939-47f9-a508-cbadbbb11f8c,1094-GELATO41,BB7JB,,FLOWER,PRE-PACK,TRUMED,GELATO 41 GUEST FLOWER (H-3.5G),HYBRID,,12,0,0,,25,3.5,GRAMS,300,50,600,F.O.H. - RECREATIONAL PRODUCTS,7/16/2024,10:35:49,,6541(TRUMED),,,,0DP,"KANNABOOST TECHNOLOGY INC (UNIVERSITY DC, TIMELESS, NOIR, TUMBLE, CANARY)",00000118DCKD00426097,,,,,,,,,,ADULT,32.64%
7/24/24 6:11,7/24/24 6:11,4/16/2024,20:42:06,e5f501f7-7dc8-410d-8be5-d42b08508d77,82462857-0835-4bdf-bb39-0179cba37f2d,1009-MIST#8,GZK0A-1-2-1,,FLOWER,PRE-PACK,TRUMED,MISTRESS #8 GUEST FLOWER (I-3.5G),INDICA,,16,0,0,,25,3.5,GRAMS,400,50,800,F.O.H. - RECREATIONAL PRODUCTS,4/17/2024,10:44:07,,4941(Trumed),,,,"Hm9,~2085282530722849,~4315697420601807","KANNABOOST TECHNOLOGY INC (UNIVERSITY DC, TIMELESS, NOIR, TUMBLE, CANARY)",00000118DCKD00426097,,,,,,,,,,ADULT,28.02%
7/24/24 6:11,7/24/24 6:11,4/17/2024,14:12:00,df3f1064-1bc2-4ef3-9c7e-356cd50ec2da,80b88e90-6ac5-4af6-a4a6-a223aec64a6e,1030-PERMMARKER,443E9-001-001,,FLOWER,PRE-PACK,TRUMED,PERMANENT MARKER GUEST FLOWER (H-3.5G),HYBRID,,1,0,0,,25,3.5,GRAMS,25,50,50,F.O.H. - RECREATIONAL PRODUCTS,4/18/2024,10:29:13,,4993,,,,"y7e,~4637477775031122","KANNABOOST TECHNOLOGY INC (UNIVERSITY DC, TIMELESS, NOIR, TUMBLE, CANARY)",00000118DCKD00426097,,,,,,,,,,ADULT,23.08%
7/24/24 6:11,7/24/24 6:11,6/6/2024,19:19:04,22fa0387-10b6-4aa9-83df-71a45b3af961,e99017c6-06c0-4557-a9f6-596d8a332293, 1075-PERMANEMTMARKER,PTI5T,,FLOWER,PRE-PACK,TRUMED,PERMANENT MARKER GUEST FLOWER (H-3.5G),HYBRID,,16,0,0,,25,3.5,GRAMS,400,50,800,F.O.H. - RECREATIONAL PRODUCTS,6/7/2024,10:02:59,,5845(TruMed),,,,VtJ,"KANNABOOST TECHNOLOGY INC (UNIVERSITY DC, TIMELESS, NOIR, TUMBLE, CANARY)",00000118DCKD00426097,,,,,,,,,,ADULT,32.75%
7/24/24 6:11,7/24/24 6:11,7/16/2024,10:32:43,13385777-ee8e-46d1-9ada-7ca805822340,fa9e30c0-c902-40e2-a714-53e39810389d,1098-RS37,A21RW,,FLOWER,PRE-PACK,TRUMED,RS37 GUEST FLOWER (H-3.5G),HYBRID,,14,0,0,,25,3.5,GRAMS,350,50,700,F.O.H. - RECREATIONAL PRODUCTS,7/16/2024,10:35:49,,6541(TRUMED),,,,7gO,"KANNABOOST TECHNOLOGY INC (UNIVERSITY DC, TIMELESS, NOIR, TUMBLE, CANARY)",00000118DCKD00426097,,,,,,,,,,ADULT,31.46%
7/24/24 6:11,7/24/24 6:11,7/16/2024,10:32:43,13385777-ee8e-46d1-9ada-7ca805822340,21a96459-5251-4537-b16d-605083d9c3a3,1111-ZOAP,IM1I9-1,,FLOWER,PRE-PACK,TRUMED,ZOAP GUEST FLOWER (H-3.5G),HYBRID,,16,0,0,,25,3.5,GRAMS,400,50,800,F.O.H. - RECREATIONAL PRODUCTS,7/16/2024,10:35:49,,6541(TRUMED),,,,VI6,"KANNABOOST TECHNOLOGY INC (UNIVERSITY DC, TIMELESS, NOIR, TUMBLE, CANARY)",00000118DCKD00426097,,,,,,,,,,ADULT,26.44%
7/24/24 6:11,7/24/24 6:11,7/12/2024,7:43:21,170800f2-e3df-4974-be1f-9dfbfd81e009,19b9c12f-7e17-42d6-81fd-3dca3c9f28c7,0524DVDR.41,VYVMY-2-1,,FLOWER,PRE-PACK,UNCLE X,DEVIL DRIVER FLOWER (H-14G),HYBRID,,155,0,0,,21.35,14,GRAMS,3309.25,42,6510,F.O.H. - RECREATIONAL PRODUCTS,7/12/2024,9:56:56,,6494 (Copperstate),,,,"DVDRUNX14G202407080023,Zou","KANNABOOST TECHNOLOGY INC (UNIVERSITY DC, TIMELESS, NOIR, TUMBLE, CANARY)",00000118DCKD00426097,,,,,,,,,UNX-FLWR-DVDR-14,ADULT,17.78%
7/24/24 6:11,7/24/24 6:11,7/12/2024,7:43:21,170800f2-e3df-4974-be1f-9dfbfd81e009,f81d5d40-2e82-4a98-a09f-8a77ca3013f5,0524LTB3.41,EQ5R2-2,,FLOWER,PRE-PACK,UNCLE X,LEMON TREE BX3 FLOWER (H-14G),HYBRID,,115,0,0,,21.35,14,GRAMS,2455.25,42,4830,F.O.H. - RECREATIONAL PRODUCTS,7/12/2024,9:56:56,,6494 (Copperstate),,,,"LTB3UNX14G202407100042,LTB3UNX14G202407120044,gZR","KANNABOOST TECHNOLOGY INC (UNIVERSITY DC, TIMELESS, NOIR, TUMBLE, CANARY)",00000118DCKD00426097,,,,,,,,,UNX-FLWR-LTB3-14,ADULT,20.78%
7/24/24 6:11,7/24/24 6:11,7/19/2024,8:28:50,26a31b8e-2465-4157-b92e-d25d61663006,91b68430-8de3-4ad2-a34c-5a518b08a266,0524MKJK.41,VTF4U-1-1,,FLOWER,PRE-PACK,UNCLE X,MONKEY JUNK FLOWER (S-14G),SATIVA,,1,0,0,,21.35,14,GRAMS,21.35,42,42,F.O.H. - RECREATIONAL PRODUCTS,7/19/2024,10:21:41,,6675 (Copperstate),,,,"FuC,MKJKUNX14G202407160014","KANNABOOST TECHNOLOGY INC (UNIVERSITY DC, TIMELESS, NOIR, TUMBLE, CANARY)",00000118DCKD00426097,,,,,,,,,UNX-FLWR-MKJK-14,ADULT,21.86%
7/24/24 6:11,7/24/24 6:11,7/22/2024,15:29:44,ebacd8b6-38c0-43a9-8fad-94adef52ae2d,fd7d5a09-1bee-492c-aade-4035aa865288,0524MKJK.41,XA8M0-2,,FLOWER,PRE-PACK,UNCLE X,MONKEY JUNK FLOWER (S-14G),SATIVA,,110,0,0,,21.35,14,GRAMS,2348.5,42,4620,F.O.H. - RECREATIONAL PRODUCTS,7/23/2024,12:22:43,,6730 (Copperstate),,,,"MKJKUNX14G202407160014,dOG","KANNABOOST TECHNOLOGY INC (UNIVERSITY DC, TIMELESS, NOIR, TUMBLE, CANARY)",00000118DCKD00426097,,,,,,,,,UNX-FLWR-MKJK-14,ADULT,
7/24/24 6:11,7/24/24 6:11,7/22/2024,15:29:44,ebacd8b6-38c0-43a9-8fad-94adef52ae2d,5eac53a1-921b-477c-8811-8e89f1b16297,SFCM0524.41,K49I5-2,,FLOWER,PRE-PACK,UNCLE X,STARFIRE CHEM FLOWER (S-14G),SATIVA,,127,0,0,,21.35,14,GRAMS,2711.45,42,5334,F.O.H. - RECREATIONAL PRODUCTS,7/23/2024,12:22:43,,6730 (Copperstate),,,,"RkZ,SFCMUNX14G202407180006","KANNABOOST TECHNOLOGY INC (UNIVERSITY DC, TIMELESS, NOIR, TUMBLE, CANARY)",00000118DCKD00426097,,,7/15/2025,,,,,,UNX-FLWR-SFCM-14,ADULT,21.89%
7/24/24 6:11,7/24/24 6:11,6/27/2024,7:55:11,6ac8f330-07c9-4f9c-931f-edd58b31596e,96b3df7f-4215-4df7-b2d9-1189ef692267,05062024F1R2ICE,8ZVNN-1,,FLOWER,PRE-PACK,VARZ,BLACK ICE GUEST FLOWER (H-3.5G),HYBRID,,32,0,0,,17.5,3.5,GRAMS,560,50,1600,F.O.H. - RECREATIONAL PRODUCTS,6/28/2024,10:33:48,,6243 (Varz),,,,BSo,"KANNABOOST TECHNOLOGY INC (UNIVERSITY DC, TIMELESS, NOIR, TUMBLE, CANARY)",00000118DCKD00426097,,,,,,,,,,ADULT,22.08%
7/24/24 6:11,7/24/24 6:11,6/27/2024,7:55:11,6ac8f330-07c9-4f9c-931f-edd58b31596e,2f9e1784-9f4a-4ad6-a824-7a8babeb1f0f,05062024F1R8STA,V9U2W,,FLOWER,PRE-PACK,VARZ,EAST SIDE STANK GUEST FLOWER (H-3.5G),HYBRID,,26,0,0,,17.5,3.5,GRAMS,455,50,1300,F.O.H. - RECREATIONAL PRODUCTS,6/28/2024,10:33:48,,6243 (Varz),,,,V7C,"KANNABOOST TECHNOLOGY INC (UNIVERSITY DC, TIMELESS, NOIR, TUMBLE, CANARY)",00000118DCKD00426097,,,,,,,,,,ADULT,23.42%
7/24/24 6:11,7/24/24 6:11,5/2/2024,7:50:22,0f2ab51f-868c-444a-91d9-be7e51e22d06,7f6b6c8e-5638-4319-85bd-6a1e2a79457a,02232024F1R2PBR,LEUPW-002-001-1,,FLOWER,PRE-PACK,VARZ,PUNCH BREATH GUEST FLOWER (H-3.5G),HYBRID,,15,0,0,,16.25,3.5,GRAMS,243.75,50,750,F.O.H. - RECREATIONAL PRODUCTS,5/2/2024,17:00:02,,042224SOLTS(Varz),,,,Awa,"RAINBOW COLLECTIVE, LLC/MDM PRIME, LLC DBA: OGEEZ! BRANDS",00000039DCVR00320237,,,,,,,,,,ADULT,20.19%
7/24/24 6:11,7/24/24 6:11,6/20/2024,8:28:52,bbcb15c5-b4aa-4ad6-997c-3872e9aa273c,af2afbce-c8ab-44b2-bf93-ec54d471f2ec,04072024F2R2PM,B5HFR-1,,FLOWER,PRE-PACK,VARZ,PURE MICHIGAN GUEST FLOWER (H-3.5G),HYBRID,,1,0,0,,17.5,3.5,GRAMS,17.5,50,50,F.O.H. - RECREATIONAL PRODUCTS,6/20/2024,14:29:16,,6051 (Varz),,,,b2y,"KANNABOOST TECHNOLOGY INC (UNIVERSITY DC, TIMELESS, NOIR, TUMBLE, CANARY)",00000118DCKD00426097,,,,,,,,,,ADULT,
7/24/24 6:11,7/24/24 6:11,7/16/2024,10:22:56,38dcae01-6b4d-4898-929b-adbdcf3c4b83,761d4798-68b1-4932-b7d3-f8c4137c9985,04072024F2R2PM,UHO8Q,,FLOWER,PRE-PACK,VARZ,PURE MICHIGAN GUEST FLOWER (H-3.5G),HYBRID,,18,0,0,,17.5,3.5,GRAMS,315,50,900,F.O.H. - RECREATIONAL PRODUCTS,7/16/2024,10:29:28,,6523 (varz),,,,O9y,"KANNABOOST TECHNOLOGY INC (UNIVERSITY DC, TIMELESS, NOIR, TUMBLE, CANARY)",00000118DCKD00426097,,,,,,,,,,ADULT,22.70%
7/24/24 6:11,7/24/24 6:11,7/1/2024,15:46:32,7dcf1dae-d278-496b-887b-319bb34f825b,f2d23e3b-ee92-4258-94c4-e6e651cf2f55, 04072024F2R1SHC,XW7J2-1,,FLOWER,PRE-PACK,VARZ,SHERB CAKE GUEST FLOWER (H-3.5G),HYBRID,,11,0,0,,0,3.5,GRAMS,0.00E+00,50,550,F.O.H. - RECREATIONAL PRODUCTS,7/2/2024,10:18:07,,6298(Varz Replacement Units),,,,Knc,"KANNABOOST TECHNOLOGY INC (UNIVERSITY DC, TIMELESS, NOIR, TUMBLE, CANARY)",00000118DCKD00426097,,,,,,,,,,ADULT,26.57%
7/24/24 6:11,7/24/24 6:11,7/16/2024,10:22:56,38dcae01-6b4d-4898-929b-adbdcf3c4b83,58ca3cef-7fe5-4454-90db-8a0228c66e86,05142024F1R7SB,U14YO,,FLOWER,PRE-PACK,VARZ,SUPERBOOF GUEST FLOWER (H-3.5G),HYBRID,,20,0,0,,17.5,3.5,GRAMS,350,50,1000,F.O.H. - RECREATIONAL PRODUCTS,7/16/2024,10:29:28,,6523 (varz),,,,Ck3,"KANNABOOST TECHNOLOGY INC (UNIVERSITY DC, TIMELESS, NOIR, TUMBLE, CANARY)",00000118DCKD00426097,,,,,,,,,,ADULT,24.43%